date,title,rank
2022-12-01,"Warhammer 40,000: Darktide",1.0
2022-12-01,Call of Duty®: Modern Warfare® II,2.0
2022-12-01,Counter-Strike: Global Offensive,3.0
2022-12-01,The Callisto Protocol™,4.0
2022-12-01,Dota 2,5.0
2022-12-01,Need for Speed™ Unbound,6.0
2022-12-01,PUBG: BATTLEGROUNDS,7.0
2022-12-01,Lost Ark,8.0
2022-12-01,Marvel's Midnight Suns,9.0
2022-12-01,Call of Duty League™ - Los Angeles Thieves Pack 2023,10.0
2022-12-01,Warframe,11.0
2022-12-01,Apex Legends™,12.0
2022-12-01,"Warhammer 40,000: Inquisitor - Martyr",13.0
2022-12-01,Call of Duty®: Modern Warfare® II - Desert Rogue: Pro Pack,14.0
2022-12-01,War Thunder,15.0
2022-12-01,EA SPORTS™ FIFA 23,16.0
2022-12-01,Yu-Gi-Oh! Master Duel,17.0
2022-12-01,MARVEL SNAP,18.0
2022-12-01,Grand Theft Auto V,19.0
2022-12-01,Black Desert,20.0
2022-12-01,ELDEN RING,21.0
2022-12-01,NARAKA: BLADEPOINT,22.0
2022-12-01,Dead by Daylight,23.0
2022-12-01,Battlefield™ 2042,24.0
2022-12-01,New World,25.0
2022-12-01,Destiny 2,26.0
2022-12-01,Football Manager 2023,27.0
2022-12-01,X4: Foundations,28.0
2022-12-01,Tower of Fantasy,29.0
2022-12-01,The Elder Scrolls® Online,30.0
2022-12-01,UNDECEMBER,31.0
2022-12-01,SCUM,32.0
2022-12-01,RimWorld,33.0
2022-12-01,Marvel’s Spider-Man: Miles Morales,34.0
2022-12-01,FINAL FANTASY XIV Online,35.0
2022-12-01,Ready or Not,36.0
2022-12-01,Wallpaper Engine,37.0
2022-12-01,Rust,38.0
2022-12-01,Fallout 76: The Pitt,39.0
2022-12-01,No Man's Sky,40.0
2022-12-01,Tom Clancy's Rainbow Six® Siege,41.0
2022-12-01,NBA 2K23,42.0
2022-12-01,Sackboy™: A Big Adventure,43.0
2022-12-01,GUNDAM EVOLUTION,44.0
2022-12-01,Microsoft Flight Simulator 40th Anniversary Edition,45.0
2022-12-01,Euro Truck Simulator 2,46.0
2022-12-01,World of Warships,47.0
2022-12-01,Farming Simulator 22,48.0
2022-12-01,Cities: Skylines,49.0
2022-12-01,God of War,50.0
2022-12-01,Raft,51.0
2022-12-01,ヘブンバーンズレッド,52.0
2022-12-01,Destroy All Humans! 2 - Reprobed,53.0
2022-12-01,Sea of Thieves,54.0
2022-12-01,Evil West,55.0
2022-12-01,Project Zomboid,56.0
2022-12-01,The Sims™ 4,57.0
2022-12-01,Grounded,58.0
2022-12-01,Phasmophobia,59.0
2022-12-01,Team Fortress 2,60.0
2022-12-01,Valheim,61.0
2022-12-01,Hogwarts Legacy,62.0
2022-12-01,CRISIS CORE –FINAL FANTASY VII– REUNION,63.0
2022-12-01,"Warhammer 40,000: Inquisitor - Martyr - Sororitas Class",64.0
2022-12-01,American Truck Simulator,65.0
2022-12-01,Summoners War: Chronicles,66.0
2022-12-01,RimWorld - Biotech,67.0
2022-12-01,Stellaris,68.0
2022-12-01,theHunter: Call of the Wild™,69.0
2022-12-01,Sonic Frontiers,70.0
2022-12-01,Victoria 3,71.0
2022-12-01,Forza Horizon 5,72.0
2022-12-01,ZERO Sievert,73.0
2022-12-01,MapleStory,74.0
2022-12-01,Stardew Valley,75.0
2022-12-01,ARK: Survival Evolved,76.0
2022-12-01,MONSTER HUNTER RISE,77.0
2022-12-01,The Forest,78.0
2022-12-01,SMITE®,79.0
2022-12-01,We Who Are About To Die,80.0
2022-12-01,Destroy All Humans!,81.0
2022-12-01,Romancing SaGa -Minstrel Song- Remastered,82.0
2022-12-01,Sid Meier’s Civilization® VI,83.0
2022-12-01,Euro Truck Simulator 2 - Feldbinder Trailer Pack,84.0
2022-12-01,Madden NFL 23,85.0
2022-12-01,STAR WARS™: The Old Republic™,86.0
2022-12-01,EVE Online,87.0
2022-12-01,The Elder Scrolls V: Skyrim Special Edition,88.0
2022-12-01,Call of Duty League™ - Atlanta FaZe Pack 2023,89.0
2022-12-01,Call of Duty League™ - Los Angeles Guerrillas Pack 2023,90.0
2022-12-01,Guild Wars 2,91.0
2022-12-01,TRAHA Global,92.0
2022-12-01,The Knight Witch,93.0
2022-12-01,Call of the Wild: The Angler™,94.0
2022-12-01,Total War: WARHAMMER III,95.0
2022-12-01,Terraria,96.0
2022-12-01,Stray,97.0
2022-12-01,RuneScape ®,98.0
2022-12-01,Cyberpunk 2077,99.0
2022-12-01,Call of Duty®: Black Ops III,100.0
2022-12-01,Call of Duty League™ - OpTic Texas Pack 2023,101.0
2022-12-01,Crusader Kings III,102.0
2022-12-01,BeamNG.drive,103.0
2022-12-01,Hearts of Iron IV,104.0
2022-12-01,Bloons TD 6,105.0
2022-12-01,Police Simulator: Patrol Officers,106.0
2022-12-01,Don't Starve Together,107.0
2022-12-01,This War of Mine,108.0
2022-12-01,Marvel’s Spider-Man Remastered,109.0
2022-12-01,The Dark Pictures Anthology: The Devil in Me,110.0
2022-12-01,Persona 5 Royal,111.0
2022-12-01,Deep Rock Galactic,112.0
2022-12-01,Red Dead Redemption 2,113.0
2022-12-01,Dragon Age™ Inquisition,114.0
2022-12-01,Cosmoteer: Starship Architect & Commander,115.0
2022-12-01,Baldur's Gate 3,116.0
2022-12-01,Hunt: Showdown,117.0
2022-12-01,GUILTY GEAR -STRIVE-,118.0
2022-12-01,Cartel Tycoon,119.0
2022-12-01,Soulstone Survivors,120.0
2022-12-01,American Truck Simulator - Texas,121.0
2022-12-01,Call of Duty League™ - Toronto Ultra Pack 2023,122.0
2022-12-01,Phantasy Star Online 2 New Genesis,123.0
2022-12-01,X4: Tides of Avarice,124.0
2022-12-01,Quest Hunter,125.0
2022-12-01,Two Point Campus,126.0
2022-12-01,Age of Empires IV: Anniversary Edition,127.0
2022-12-01,Mount & Blade II: Bannerlord,128.0
2022-12-01,Assetto Corsa,129.0
2022-12-01,War Robots,130.0
2022-12-01,Halo Infinite,131.0
2022-12-01,iRacing,132.0
2022-12-01,Chivalry 2,133.0
2022-12-01,Garry's Mod,134.0
2022-12-01,Risk of Rain 2,135.0
2022-12-01,Barotrauma,136.0
2022-12-01,Satisfactory,137.0
2022-12-01,DayZ,138.0
2022-12-01,Against the Storm,139.0
2022-12-01,PAYDAY 2,140.0
2022-12-01,Ship of Fools,141.0
2022-12-01,Beat Saber,142.0
2022-12-01,Factorio,143.0
2022-12-01,Left 4 Dead 2,144.0
2022-12-01,Warhammer: Vermintide 2,145.0
2022-12-01,Tactics Ogre: Reborn,146.0
2022-12-01,Bendy and the Dark Revival,147.0
2022-12-01,Among Us,148.0
2022-12-01,VRChat,149.0
2022-12-01,Brotato,150.0
2022-12-01,DAVE THE DIVER,151.0
2022-12-01,Sniper Elite 5,152.0
2022-12-01,Call of Duty League™ - Boston Breach Pack 2023,153.0
2022-12-01,Brawlhalla,154.0
2022-12-01,Conan Exiles,155.0
2022-12-01,Gunfire Reborn,156.0
2022-12-01,World of Tanks Blitz,157.0
2022-12-01,The Beast Inside,158.0
2022-12-01,The Binding of Isaac: Rebirth,159.0
2022-12-01,Inside the Backrooms,160.0
2022-12-01,UNCHARTED™: Legacy of Thieves Collection,161.0
2022-12-01,Resident Evil Village,162.0
2022-12-01,Trombone Champ,163.0
2022-12-01,It Takes Two,164.0
2022-12-01,My Singing Monsters,165.0
2022-12-01,GrandChase,166.0
2022-12-01,Cult of the Lamb,167.0
2022-12-01,Squad,168.0
2022-12-01,FOR HONOR™,169.0
2022-12-01,Albion Online,170.0
2022-12-01,Yu-Gi-Oh! Duel Links,171.0
2022-12-01,Planet Zoo,172.0
2022-12-01,Elite Dangerous,173.0
2022-12-01,Europa Universalis IV,174.0
2022-12-01,eFootball™ 2023,175.0
2022-12-01,Disney Dreamlight Valley,176.0
2022-12-01,Stranded: Alien Dawn,177.0
2022-12-01,Pentiment,178.0
2022-12-01,Goose Goose Duck,179.0
2022-12-01,Car Mechanic Simulator 2021,180.0
2022-12-01,PlateUp!,181.0
2022-12-01,Call of Duty League™ - London Royal Ravens Pack 2023,182.0
2022-12-01,Fallout 4,183.0
2022-12-01,Vampire Survivors,184.0
2022-12-01,Pummel Party,185.0
2022-12-01,SnowRunner,186.0
2022-12-01,Call of Duty League™ - Minnesota ROKKR Pack 2023,187.0
2022-12-01,Call of Duty League™ - Seattle Surge Pack 2023,188.0
2022-12-01,Age of Empires II: Definitive Edition,189.0
2022-12-01,Retro Gadgets,190.0
2022-12-01,WorldBox - God Simulator,191.0
2022-12-01,Blade and Sorcery,192.0
2022-12-01,Slime Rancher 2,193.0
2022-12-01,Call of Duty League™ - New York Subliners Pack 2023,194.0
2022-12-01,CarX Drift Racing Online,195.0
2022-12-01,X4: Cradle of Humanity,196.0
2022-12-01,7 Days to Die,197.0
2022-12-01,Fangs,198.0
2022-12-01,Conqueror's Blade,199.0
2022-12-01,Farthest Frontier,200.0
2022-12-01,Stumble Guys,201.0
2022-12-01,Hell Let Loose,202.0
2022-12-01,Wizard101,203.0
2022-12-01,Dead by Daylight - Forged in Fog Chapter,204.0
2022-12-01,The Oregon Trail,205.0
2022-12-01,RimWorld - Ideology,206.0
2022-12-01,Call of Duty League™ - Launch Pack,207.0
2022-12-01,Resident Evil 4,208.0
2022-12-01,House Flipper,209.0
2022-12-01,DARK SOULS™ III,210.0
2022-12-01,Path of Exile,211.0
2022-12-01,Farming Simulator 22 - Platinum Expansion,212.0
2022-12-01,Tabletop Simulator,213.0
2022-12-01,Tiny Tactics,214.0
2022-12-01,World of Tanks,215.0
2022-12-01,A Little to the Left,216.0
2022-12-01,FreestyleFootball R,217.0
2022-12-01,ASTLIBRA Revision,218.0
2022-12-01,Stellaris: Overlord,219.0
2022-12-01,Sable,220.0
2022-12-01,Marauders,221.0
2022-12-01,V Rising,222.0
2022-12-01,Stellaris: Toxoids Species Pack,223.0
2022-12-01,Governor of Poker 3,224.0
2022-12-01,DCS World Steam Edition,225.0
2022-12-01,Monster Hunter: World,226.0
2022-12-01,Teardown,227.0
2022-12-01,Gotham Knights,228.0
2022-12-01,Dinkum,229.0
2022-12-01,Total War: WARHAMMER II,230.0
2022-12-01,Core Keeper,231.0
2022-12-01,CounterSide,232.0
2022-12-01,Game of Thrones Winter is Coming,233.0
2022-12-01,Construction Simulator,234.0
2022-12-01,Divinity: Original Sin 2 - Definitive Edition,235.0
2022-12-01,DARK SOULS™: REMASTERED,236.0
2022-12-01,Crazy Machines 3,237.0
2022-12-01,The Elder Scrolls V: Skyrim Anniversary Upgrade,238.0
2022-12-01,Shop Titans,239.0
2022-12-01,Idle Champions of the Forgotten Realms,240.0
2022-12-01,ICEY,241.0
2022-12-01,X4: Split Vendetta,242.0
2022-12-01,Lords Mobile,243.0
2022-12-01,Space Engineers,244.0
2022-12-01,"Sniper Elite 5: Conqueror Mission, Weapon and Skin Pack",245.0
2022-12-01,Cardfight!! Vanguard Dear Days,246.0
2022-12-01,Timberborn,247.0
2022-12-01,Trove,248.0
2022-12-01,BONELAB,249.0
2022-12-01,Torchlight: Infinite,250.0
2022-12-01,ARK: Genesis Season Pass,251.0
2022-12-01,Frozenheim,252.0
2022-12-01,MX Bikes,253.0
2022-12-01,Football Manager 2023 In-game Editor,254.0
2022-12-01,Marvel's Avengers,255.0
2022-12-01,Call of Duty League™ - Florida Mutineers Pack 2023,256.0
2022-12-01,Hades,257.0
2022-12-01,Tiny Tina's Wonderlands,258.0
2022-12-01,Coral Island,259.0
2022-12-01,GTFO,260.0
2022-12-01,Partisans 1941,261.0
2022-12-01,Subnautica,262.0
2022-12-01,Arma 3,263.0
2022-12-01,Risk of Rain 2: Survivors of the Void,264.0
2022-12-01,PGA TOUR 2K23,265.0
2022-12-01,RimWorld - Royalty,266.0
2022-12-01,Barony,267.0
2022-12-01,Overcooked! 2,268.0
2022-12-01,Hollow Knight,269.0
2022-12-01,DEVOUR,270.0
2022-12-01,LAST CLOUDIA,271.0
2022-12-01,F1® 22,272.0
2022-12-01,FINAL FANTASY VII REMAKE INTERGRADE,273.0
2022-12-01,Shadowverse CCG,274.0
2022-12-01,Neverwinter,275.0
2022-12-01,Total War: WARHAMMER,276.0
2022-12-01,Escape Simulator,277.0
2022-12-01,Dungeon 100,278.0
2022-12-01,Wildermyth,279.0
2022-12-01,Solasta: Crown of the Magister,280.0
2022-12-01,Cuphead,281.0
2022-12-01,Cities: Skylines - Plazas & Promenades,282.0
2022-12-01,Destiny 2: The Witch Queen,283.0
2022-12-01,Astro Colony,284.0
2022-12-01,蜀山：初章,285.0
2022-12-01,Halo: The Master Chief Collection,286.0
2022-12-01,Half-Life: Alyx,287.0
2022-12-01,Realm of the Mad God Exalt,288.0
2022-12-01,Resident Evil Village - Winters’ Expansion,289.0
2022-12-01,Frozen Flame,290.0
2022-12-01,PlanetSide 2,291.0
2022-12-01,Granado Espada,292.0
2022-12-01,SIGNALIS,293.0
2022-12-01,Drug Dealer Simulator,294.0
2022-12-01,Call to Arms - Gates of Hell: Ostfront,295.0
2022-12-01,Portal 2,296.0
2022-12-01,Two Point Campus: Space Academy,297.0
2022-12-01,The Past Within,298.0
2022-12-01,Dead Cells,299.0
2022-12-01,PowerWash Simulator,300.0
2022-12-01,Paladins®,301.0
2022-12-01,Trine 4: The Nightmare Prince,302.0
2022-12-01,Weird RPG,303.0
2022-12-01,Unpacking,304.0
2022-12-01,The Sims™ 3,305.0
2022-12-01,Rec Room,306.0
2022-12-01,Monster Hunter Rise: Sunbreak,307.0
2022-12-01,HARVESTELLA,308.0
2022-12-01,Golf With Your Friends,309.0
2022-12-01,Roadwarden,310.0
2022-12-01,Total War: WARHAMMER III - Champions of Chaos,311.0
2022-12-01,Totally Accurate Battle Simulator,312.0
2022-12-01,Green Hell,313.0
2022-12-01,BLEACH Brave Souls,314.0
2022-12-01,Realms of Magic,315.0
2022-12-01,MechWarrior 5: Mercenaries,316.0
2022-12-01,Star Trek Online,317.0
2022-12-01,Dread Hunger,318.0
2022-12-01,FIFA 22,319.0
2022-12-01,Peglin,320.0
2022-12-01,A Plague Tale: Requiem,321.0
2022-12-01,Iratus: Lord of the Dead,322.0
2022-12-01,Borderlands 2,323.0
2022-12-01,Land of the Vikings,324.0
2022-12-01,Dome Keeper,325.0
2022-12-01,The Witcher® 3: Wild Hunt,326.0
2022-12-01,Dying Light 2 Stay Human,327.0
2022-12-01,The Jackbox Party Pack 9,328.0
2022-12-01,Train Simulator Classic,329.0
2022-12-01,Fishing Planet,330.0
2022-12-01,Train Sim World® 3,331.0
2022-12-01,Ghost Watchers,332.0
2022-12-01,Borderlands 3,333.0
2022-12-01,Age of Empires III: Definitive Edition,334.0
2022-12-01,Propnight,335.0
2022-12-01,Crossout,336.0
2022-12-01,Muse Dash,337.0
2022-12-01,3DMark,338.0
2022-12-01,梦塔防,339.0
2022-12-01,GROUND BRANCH,340.0
2022-12-01,Way of the Hunter,341.0
2022-12-01,Gunfire Reborn - Visitors of Spirit Realm,342.0
2022-12-01,NieR:Automata™,343.0
2022-12-01,Among Us VR,344.0
2022-12-01,Slay the Spire,345.0
2022-12-01,Book of Yog Idle RPG,346.0
2022-12-01,Shadows Over Loathing,347.0
2022-12-01,Pavlov VR,348.0
2022-12-01,A.V.A Global,349.0
2022-12-01,Dead Space,350.0
2022-12-01,Jurassic World Evolution 2,351.0
2022-12-01,171,352.0
2022-12-01,The Isle,353.0
2022-12-01,Inscryption,354.0
2022-12-01,Foxhole,355.0
2022-12-01,Oxygen Not Included,356.0
2022-12-01,Potionomics,357.0
2022-12-01,PICO PARK,358.0
2022-12-01,Assassin's Creed® Odyssey,359.0
2022-12-01,Stormworks: Build and Rescue,360.0
2022-12-01,rFactor 2,361.0
2022-12-01,Soccer Story,362.0
2022-12-01,Russian Fishing 4,363.0
2022-12-01,The Lord of the Rings Online™,364.0
2022-12-01,Kerbal Space Program,365.0
2022-12-01,City Car Driving,366.0
2022-12-01,Fallout: New Vegas,367.0
2022-12-01,Guild Wars 2: Heart of Thorns™ & Guild Wars 2: Path of Fire™ Expansions,368.0
2022-12-01,DRAGON BALL XENOVERSE 2,369.0
2022-12-01,ICARUS,370.0
2022-12-01,Call of Duty League™ - Vegas Legion Pack 2023,371.0
2022-12-01,The Binding of Isaac: Repentance,372.0
2022-12-01,Stranded Deep,373.0
2022-12-01,Prison Architect,374.0
2022-12-01,Rocksmith® 2014 Edition - Remastered,375.0
2022-12-01,Card Survival: Tropical Island,376.0
2022-12-01,VillageRhapsody,377.0
2022-12-01,DiRT Rally 2.0,378.0
2022-12-01,Five Nights at Freddy's: Security Breach,379.0
2022-12-01,We Were Here Forever,380.0
2022-12-01,SPORE™,381.0
2022-12-01,LEGO® Star Wars™: The Skywalker Saga,382.0
2022-12-01,Expansion - Hearts of Iron IV: By Blood Alone,383.0
2022-12-01,OMORI,384.0
2022-12-01,Crush Crush,385.0
2022-12-01,ULTRAKILL,386.0
2022-12-01,The Sims™ 4 Cats & Dogs,387.0
2022-12-01,Assetto Corsa Competizione,388.0
2022-12-01,Cities: Skylines - Content Creator Pack: Skyscrapers,389.0
2022-12-01,Temtem,390.0
2022-12-01,Muse Dash - Just as planned,391.0
2022-12-01,Fairy Biography2：Confidante,392.0
date,title,rank
2022-12-02,The Callisto Protocol™,1.0
2022-12-02,Counter-Strike: Global Offensive,2.0
2022-12-02,Call of Duty®: Modern Warfare® II,3.0
2022-12-02,"Warhammer 40,000: Darktide",4.0
2022-12-02,Marvel's Midnight Suns,5.0
2022-12-02,Need for Speed™ Unbound,6.0
2022-12-02,Dota 2,7.0
2022-12-02,Predecessor,8.0
2022-12-02,PUBG: BATTLEGROUNDS,9.0
2022-12-02,NARAKA: BLADEPOINT,10.0
2022-12-02,Lost Ark,11.0
2022-12-02,Apex Legends™,12.0
2022-12-02,Warframe,13.0
2022-12-02,Dead by Daylight,14.0
2022-12-02,Predecessor: Rare DLC,15.0
2022-12-02,EA SPORTS™ FIFA 23,16.0
2022-12-02,Rust,17.0
2022-12-02,World of Tanks,18.0
2022-12-02,War Thunder,19.0
2022-12-02,Battlefield™ 2042,20.0
2022-12-02,Predecessor: Epic DLC,21.0
2022-12-02,Call of Duty League™ - Los Angeles Thieves Pack 2023,22.0
2022-12-02,"Warhammer 40,000: Darktide - Imperial Edition",23.0
2022-12-02,Predecessor: Legendary DLC,24.0
2022-12-02,ELDEN RING,25.0
2022-12-02,Call of Duty®: Modern Warfare® II - Desert Rogue: Pro Pack,26.0
2022-12-02,Yu-Gi-Oh! Master Duel,27.0
2022-12-02,Grand Theft Auto V,28.0
2022-12-02,The Elder Scrolls® Online,29.0
2022-12-02,Tom Clancy's Rainbow Six® Siege,30.0
2022-12-02,UNDECEMBER,31.0
2022-12-02,NBA 2K23,32.0
2022-12-02,New World,33.0
2022-12-02,Football Manager 2023,34.0
2022-12-02,SAMURAI MAIDEN,35.0
2022-12-02,Wallpaper Engine,36.0
2022-12-02,Destiny 2,37.0
2022-12-02,Black Desert,38.0
2022-12-02,Romancing SaGa -Minstrel Song- Remastered,39.0
2022-12-02,RimWorld,40.0
2022-12-02,MARVEL SNAP,41.0
2022-12-02,FINAL FANTASY XIV Online,42.0
2022-12-02,Marvel’s Spider-Man: Miles Morales,43.0
2022-12-02,Tower of Fantasy,44.0
2022-12-02,No Man's Sky,45.0
2022-12-02,SCUM,46.0
2022-12-02,Ready or Not,47.0
2022-12-02,World War Z: Aftermath,48.0
2022-12-02,"Warhammer 40,000: Inquisitor - Martyr",49.0
2022-12-02,World of Warships,50.0
2022-12-02,Path of Exile,51.0
2022-12-02,Shadows Over Loathing,52.0
2022-12-02,Team Fortress 2,53.0
2022-12-02,Euro Truck Simulator 2,54.0
2022-12-02,Project Zomboid,55.0
2022-12-02,X4: Foundations,56.0
2022-12-02,God of War,57.0
2022-12-02,CRISIS CORE –FINAL FANTASY VII– REUNION,58.0
2022-12-02,Cities: Skylines,59.0
2022-12-02,Tom Clancy's Ghost Recon® Wildlands,60.0
2022-12-02,Microsoft Flight Simulator 40th Anniversary Edition,61.0
2022-12-02,Fallout 76: The Pitt,62.0
2022-12-02,Hell Let Loose,63.0
2022-12-02,Sea of Thieves,64.0
2022-12-02,Raft,65.0
2022-12-02,Farming Simulator 22,66.0
2022-12-02,Summoners War: Chronicles,67.0
2022-12-02,The Sims™ 4,68.0
2022-12-02,Hogwarts Legacy,69.0
2022-12-02,Munchkin Digital,70.0
2022-12-02,Phasmophobia,71.0
2022-12-02,Forza Horizon 5,72.0
2022-12-02,World of Tanks Blitz,73.0
2022-12-02,Valheim,74.0
2022-12-02,嗜血印 Bloody Spell,75.0
2022-12-02,Grounded,76.0
2022-12-02,Evil West,77.0
2022-12-02,ARK: Survival Evolved,78.0
2022-12-02,Sackboy™: A Big Adventure,79.0
2022-12-02,Victoria 3,80.0
2022-12-02,RimWorld - Biotech,81.0
2022-12-02,eFootball™ 2023,82.0
2022-12-02,American Truck Simulator,83.0
2022-12-02,ZERO Sievert,84.0
2022-12-02,MONSTER HUNTER RISE,85.0
2022-12-02,Assassin's Creed® Origins,86.0
2022-12-02,Stardew Valley,87.0
2022-12-02,theHunter: Call of the Wild™,88.0
2022-12-02,Sonic Frontiers,89.0
2022-12-02,Mafia: Definitive Edition,90.0
2022-12-02,Fable Anniversary,91.0
2022-12-02,Cyberpunk 2077,92.0
2022-12-02,Stellaris,93.0
2022-12-02,The Forest,94.0
2022-12-02,The Elder Scrolls V: Skyrim Special Edition,95.0
2022-12-02,Red Dead Redemption 2,96.0
2022-12-02,Sid Meier’s Civilization® VI,97.0
2022-12-02,Don't Starve Together,98.0
2022-12-02,STAR WARS™: The Old Republic™,99.0
2022-12-02,Total War: WARHAMMER III,100.0
2022-12-02,Trek to Yomi,101.0
2022-12-02,Persona 5 Royal,102.0
2022-12-02,Marvel’s Spider-Man Remastered,103.0
2022-12-02,Euro Truck Simulator 2 - Feldbinder Trailer Pack,104.0
2022-12-02,Hunt: Showdown,105.0
2022-12-02,Madden NFL 23,106.0
2022-12-02,SMITE®,107.0
2022-12-02,Mount & Blade II: Bannerlord,108.0
2022-12-02,Tropico 6,109.0
2022-12-02,We Who Are About To Die,110.0
2022-12-02,Terraria,111.0
2022-12-02,ヘブンバーンズレッド,112.0
2022-12-02,Destroy All Humans! 2 - Reprobed,113.0
2022-12-02,War Robots,114.0
2022-12-02,VRChat,115.0
2022-12-02,Stranded: Alien Dawn,116.0
2022-12-02,Goose Goose Duck,117.0
2022-12-02,Guild Wars 2,118.0
2022-12-02,Bloons TD 6,119.0
2022-12-02,MapleStory,120.0
2022-12-02,Stumble Guys,121.0
2022-12-02,Call of Duty®: Black Ops III,122.0
2022-12-02,Hearts of Iron IV,123.0
2022-12-02,Tropico 6 - New Frontiers,124.0
2022-12-02,The Dark Pictures Anthology: The Devil in Me,125.0
2022-12-02,BeamNG.drive,126.0
2022-12-02,GUILTY GEAR -STRIVE-,127.0
2022-12-02,RuneScape ®,128.0
2022-12-02,Stray,129.0
2022-12-02,"Warhammer 40,000: Inquisitor - Martyr - Sororitas Class",130.0
2022-12-02,Crusader Kings III,131.0
2022-12-02,Age of Empires IV: Anniversary Edition,132.0
2022-12-02,This War of Mine,133.0
2022-12-02,Deep Rock Galactic,134.0
2022-12-02,Against the Storm,135.0
2022-12-02,Shatterline,136.0
2022-12-02,GUNDAM EVOLUTION,137.0
2022-12-02,GrandChase,138.0
2022-12-02,"Ranch Simulator - Build, Farm, Hunt",139.0
2022-12-02,DAVE THE DIVER,140.0
2022-12-02,Cosmoteer: Starship Architect & Commander,141.0
2022-12-02,Assetto Corsa,142.0
2022-12-02,WWE 2K22,143.0
2022-12-02,American Truck Simulator - Texas,144.0
2022-12-02,It Takes Two,145.0
2022-12-02,Cartel Tycoon,146.0
2022-12-02,UNCHARTED™: Legacy of Thieves Collection,147.0
2022-12-02,Baldur's Gate 3,148.0
2022-12-02,Conan Exiles,149.0
2022-12-02,Assassin's Creed® Unity,150.0
2022-12-02,TRAHA Global,151.0
2022-12-02,Dragon Age™ Inquisition,152.0
2022-12-02,Factorio,153.0
2022-12-02,DayZ,154.0
2022-12-02,My Singing Monsters,155.0
2022-12-02,Moonshine Inc.,156.0
2022-12-02,Assassin's Creed® Syndicate,157.0
2022-12-02,Borderlands 3,158.0
2022-12-02,Two Point Campus,159.0
2022-12-02,Risk of Rain 2,160.0
2022-12-02,Barotrauma,161.0
2022-12-02,Halo Infinite,162.0
2022-12-02,Garry's Mod,163.0
2022-12-02,Among Us,164.0
2022-12-02,Winter Resort Simulator 2,165.0
2022-12-02,My Time at Sandrock,166.0
2022-12-02,Ship of Fools,167.0
2022-12-02,Tactics Ogre: Reborn,168.0
2022-12-02,Warhammer: Vermintide 2,169.0
2022-12-02,Soulstone Survivors,170.0
2022-12-02,Gunfire Reborn,171.0
2022-12-02,Left 4 Dead 2,172.0
2022-12-02,Inside the Backrooms,173.0
2022-12-02,Tom Clancy’s The Division™,174.0
2022-12-02,The Binding of Isaac: Rebirth,175.0
2022-12-02,Winter Resort Simulator 2 - Riedstein,176.0
2022-12-02,Phantasy Star Online 2 New Genesis,177.0
2022-12-02,Beat Saber,178.0
2022-12-02,Squad,179.0
2022-12-02,Police Simulator: Patrol Officers,180.0
2022-12-02,ASTLIBRA Revision,181.0
2022-12-02,PAYDAY 2,182.0
2022-12-02,Brotato,183.0
2022-12-02,The Callisto Protocol™ - Season Pass,184.0
2022-12-02,EverQuest II,185.0
2022-12-02,XCOM® 2,186.0
2022-12-02,iRacing,187.0
2022-12-02,Satisfactory,188.0
2022-12-02,Fallout 4,189.0
2022-12-02,Brawlhalla,190.0
2022-12-02,Destroy All Humans!,191.0
2022-12-02,Chivalry 2,192.0
2022-12-02,FreestyleFootball R,193.0
2022-12-02,Resident Evil Village,194.0
2022-12-02,Stacklands,195.0
2022-12-02,Planet Zoo,196.0
2022-12-02,PGA TOUR 2K23,197.0
2022-12-02,Cult of the Lamb,198.0
2022-12-02,FOR HONOR™,199.0
2022-12-02,Witch It,200.0
2022-12-02,Bendy and the Dark Revival,201.0
2022-12-02,Pummel Party,202.0
2022-12-02,7 Days to Die,203.0
2022-12-02,Call of Duty League™ - Atlanta FaZe Pack 2023,204.0
2022-12-02,Age of Empires II: Definitive Edition,205.0
2022-12-02,Call of Duty League™ - Los Angeles Guerrillas Pack 2023,206.0
2022-12-02,SnowRunner,207.0
2022-12-02,Disney Dreamlight Valley,208.0
2022-12-02,X4: Tides of Avarice,209.0
2022-12-02,Trombone Champ,210.0
2022-12-02,The Dark Pictures Anthology: House of Ashes,211.0
2022-12-02,Book of Yog Idle RPG,212.0
2022-12-02,The Beast Inside,213.0
2022-12-02,Quest Hunter,214.0
2022-12-02,Sniper Elite 5,215.0
2022-12-02,Car Mechanic Simulator 2021,216.0
2022-12-02,The Room 4: Old Sins,217.0
2022-12-02,Dungeon 100,218.0
2022-12-02,Elite Dangerous,219.0
2022-12-02,The Room VR: A Dark Matter,220.0
2022-12-02,CarX Drift Racing Online,221.0
2022-12-02,Albion Online,222.0
2022-12-02,PlateUp!,223.0
2022-12-02,Europa Universalis IV,224.0
2022-12-02,End State,225.0
2022-12-02,Assassin's Creed® Odyssey,226.0
2022-12-02,WorldBox - God Simulator,227.0
2022-12-02,Call of the Wild: The Angler™,228.0
2022-12-02,Wizard101,229.0
2022-12-02,Vampire Survivors,230.0
2022-12-02,The Knight Witch,231.0
2022-12-02,Slime Rancher 2,232.0
2022-12-02,Construction Simulator,233.0
2022-12-02,House Flipper,234.0
2022-12-02,Total War: WARHAMMER II,235.0
2022-12-02,Game of Thrones Winter is Coming,236.0
2022-12-02,Arma 3,237.0
2022-12-02,Farthest Frontier,238.0
2022-12-02,FINAL FANTASY VII REMAKE INTERGRADE,239.0
2022-12-02,Monster Hunter: World,240.0
2022-12-02,Lords Mobile,241.0
2022-12-02,RimWorld - Ideology,242.0
2022-12-02,Call of Duty League™ - OpTic Texas Pack 2023,243.0
2022-12-02,Dwarven Skykeep,244.0
2022-12-02,Marauders,245.0
2022-12-02,Lil Gator Game,246.0
2022-12-02,The Witcher® 3: Wild Hunt,247.0
2022-12-02,Cardfight!! Vanguard Dear Days,248.0
2022-12-02,V Rising,249.0
2022-12-02,Shop Titans,250.0
2022-12-02,Dead by Daylight - Forged in Fog Chapter,251.0
2022-12-02,Hello Neighbor,252.0
2022-12-02,EVE Online,253.0
2022-12-02,Farming Simulator 22 - Platinum Expansion,254.0
2022-12-02,Teardown,255.0
2022-12-02,Resident Evil 4,256.0
2022-12-02,Yu-Gi-Oh! Duel Links,257.0
2022-12-02,Sable,258.0
2022-12-02,Hades,259.0
2022-12-02,Gotham Knights,260.0
2022-12-02,DCS World Steam Edition,261.0
2022-12-02,ARK: Genesis Season Pass,262.0
2022-12-02,Tabletop Simulator,263.0
2022-12-02,Crossout,264.0
2022-12-02,Pentiment,265.0
2022-12-02,The Elder Scrolls V: Skyrim Anniversary Upgrade,266.0
2022-12-02,Dinkum,267.0
2022-12-02,Call of Duty League™ - Toronto Ultra Pack 2023,268.0
2022-12-02,Tom Clancy’s Splinter Cell Blacklist,269.0
2022-12-02,Drug Dealer Simulator,270.0
2022-12-02,Torchlight: Infinite,271.0
2022-12-02,BONELAB,272.0
2022-12-02,Dying Light 2 Stay Human,273.0
2022-12-02,A Little to the Left,274.0
2022-12-02,蜀山：初章,275.0
2022-12-02,DARK SOULS™ III,276.0
2022-12-02,CounterSide,277.0
2022-12-02,Card Survival: Tropical Island,278.0
2022-12-02,Sekiro™: Shadows Die Twice - GOTY Edition,279.0
2022-12-02,Governor of Poker 3,280.0
2022-12-02,PowerWash Simulator,281.0
2022-12-02,Dead Cells,282.0
2022-12-02,DARK SOULS™: REMASTERED,283.0
2022-12-02,Core Keeper,284.0
2022-12-02,DEVOUR,285.0
2022-12-02,Blade and Sorcery,286.0
2022-12-02,Call of Duty League™ - Launch Pack,287.0
2022-12-02,Coral Island,288.0
2022-12-02,Stellaris: Toxoids Species Pack,289.0
2022-12-02,Assassin's Creed 2,290.0
2022-12-02,The Past Within,291.0
2022-12-02,Star Trek Online,292.0
2022-12-02,Football Manager 2023 In-game Editor,293.0
2022-12-02,Timberborn,294.0
2022-12-02,Stellaris: Overlord,295.0
2022-12-02,Peglin,296.0
2022-12-02,Shadowverse CCG,297.0
2022-12-02,Cuphead,298.0
2022-12-02,Solasta: Crown of the Magister,299.0
2022-12-02,Summer Memories,300.0
2022-12-02,Green Hell,301.0
2022-12-02,Realm of the Mad God Exalt,302.0
2022-12-02,Russian Fishing 4,303.0
2022-12-02,Space Engineers,304.0
2022-12-02,Call of Duty League™ - Boston Breach Pack 2023,305.0
2022-12-02,Divinity: Original Sin 2 - Definitive Edition,306.0
2022-12-02,Hollow Knight,307.0
2022-12-02,RimWorld - Royalty,308.0
2022-12-02,Train Simulator Classic,309.0
2022-12-02,The Oregon Trail,310.0
2022-12-02,Total War: WARHAMMER,311.0
2022-12-02,Escape Simulator,312.0
2022-12-02,Dread Hunger,313.0
2022-12-02,Risk of Rain 2: Survivors of the Void,314.0
2022-12-02,MX Bikes,315.0
2022-12-02,SIGNALIS,316.0
2022-12-02,Call to Arms - Gates of Hell: Ostfront,317.0
2022-12-02,VillageRhapsody,318.0
2022-12-02,NARUTO TO BORUTO: SHINOBI STRIKER,319.0
2022-12-02,Overcooked! 2,320.0
2022-12-02,Honkai Impact 3rd,321.0
2022-12-02,Tom Clancy's Splinter Cell Conviction™,322.0
2022-12-02,Angel Legion,323.0
2022-12-02,Battlefield™ V,324.0
2022-12-02,Age of Empires III: Definitive Edition,325.0
2022-12-02,Halo: The Master Chief Collection,326.0
2022-12-02,Cities: Skylines - Plazas & Promenades,327.0
2022-12-02,Subnautica,328.0
2022-12-02,Trove,329.0
2022-12-02,X4: Cradle of Humanity,330.0
2022-12-02,Jurassic World Evolution 2,331.0
2022-12-02,3DMark,332.0
2022-12-02,Monster Hunter Rise: Sunbreak,333.0
2022-12-02,Slay the Spire,334.0
2022-12-02,Paladins®,335.0
2022-12-02,Portal 2,336.0
2022-12-02,Secret Neighbor: Hello Neighbor Multiplayer,337.0
2022-12-02,A Plague Tale: Requiem,338.0
2022-12-02,Retro Gadgets,339.0
2022-12-02,Resident Evil Village - Winters’ Expansion,340.0
2022-12-02,Golf With Your Friends,341.0
2022-12-02,Astro Colony,342.0
2022-12-02,Call of Duty League™ - London Royal Ravens Pack 2023,343.0
2022-12-02,Wildermyth,344.0
2022-12-02,Tiny Tina's Wonderlands,345.0
2022-12-02,Not For Broadcast,346.0
2022-12-02,Dead Space,347.0
2022-12-02,Minecraft Dungeons,348.0
2022-12-02,ICARUS,349.0
2022-12-02,ROMANCE OF THE THREE KINGDOMS XIV,350.0
2022-12-02,Half-Life: Alyx,351.0
2022-12-02,Soulworker,352.0
2022-12-02,The Last Campfire,353.0
2022-12-02,Dakar 18,354.0
2022-12-02,Fishing Planet,355.0
2022-12-02,Frozen Flame,356.0
2022-12-02,The Jackbox Party Pack 9,357.0
2022-12-02,Forza Horizon 4,358.0
2022-12-02,Land of the Vikings,359.0
2022-12-02,The Room Three,360.0
2022-12-02,Stormworks: Build and Rescue,361.0
2022-12-02,Battlefield™ 1,362.0
2022-12-02,F1® 22,363.0
2022-12-02,镇邪,364.0
2022-12-02,The Sims™ 3,365.0
2022-12-02,PlanetSide 2,366.0
2022-12-02,Total War: WARHAMMER III - Champions of Chaos,367.0
2022-12-02,Train Sim World® 3,368.0
2022-12-02,The Isle,369.0
2022-12-02,GTFO,370.0
2022-12-02,Muse Dash,371.0
2022-12-02,Idle Champions of the Forgotten Realms,372.0
2022-12-02,Potionomics,373.0
2022-12-02,DRAGON BALL XENOVERSE 2,374.0
2022-12-02,Conqueror's Blade,375.0
2022-12-02,HITMAN 3,376.0
2022-12-02,ULTRAKILL,377.0
2022-12-02,FIFA 22,378.0
2022-12-02,Automation - The Car Company Tycoon Game,379.0
2022-12-02,Among Us VR,380.0
2022-12-02,Hello Neighbor 2,381.0
2022-12-02,Dome Keeper,382.0
2022-12-02,Gunfire Reborn - Visitors of Spirit Realm,383.0
2022-12-02,暖雪 Warm Snow,384.0
2022-12-02,Like a Dragon: Ishin!,385.0
2022-12-02,Roadwarden,386.0
2022-12-02,Temtem,387.0
2022-12-02,Weird RPG,388.0
2022-12-02,Rocksmith® 2014 Edition - Remastered,389.0
2022-12-02,Trine 4: The Nightmare Prince,390.0
2022-12-02,GROUND BRANCH,391.0
2022-12-02,Call of Duty League™ - Vegas Legion Pack 2023,392.0
2022-12-02,Inscryption,393.0
2022-12-02,PICO PARK,394.0
2022-12-03,Counter-Strike: Global Offensive,1.0
2022-12-03,Call of Duty®: Modern Warfare® II,2.0
2022-12-03,"Warhammer 40,000: Darktide",3.0
2022-12-03,Need for Speed™ Unbound,4.0
2022-12-03,Dota 2,5.0
2022-12-03,Marvel's Midnight Suns,6.0
2022-12-03,The Callisto Protocol™,7.0
2022-12-03,EA SPORTS™ FIFA 23,8.0
2022-12-03,PUBG: BATTLEGROUNDS,9.0
2022-12-03,Apex Legends™,10.0
2022-12-03,Lost Ark,11.0
2022-12-03,NARAKA: BLADEPOINT,12.0
2022-12-03,Warframe,13.0
2022-12-03,Battlefield™ 2042,14.0
2022-12-03,War Thunder,15.0
2022-12-03,Dead by Daylight,16.0
2022-12-03,Predecessor,17.0
2022-12-03,ELDEN RING,18.0
2022-12-03,Football Manager 2023,19.0
2022-12-03,NBA 2K23,20.0
2022-12-03,Tom Clancy's Rainbow Six® Siege,21.0
2022-12-03,Grand Theft Auto V,22.0
2022-12-03,Rust,23.0
2022-12-03,"Warhammer 40,000: Darktide - Imperial Edition",24.0
2022-12-03,Yu-Gi-Oh! Master Duel,25.0
2022-12-03,Destiny 2,26.0
2022-12-03,FINAL FANTASY XIV Online,27.0
2022-12-03,UNDECEMBER,28.0
2022-12-03,Call of Duty League™ - Los Angeles Thieves Pack 2023,29.0
2022-12-03,RimWorld,30.0
2022-12-03,Wallpaper Engine,31.0
2022-12-03,Call of Duty®: Modern Warfare® II - Desert Rogue: Pro Pack,32.0
2022-12-03,World War Z: Aftermath,33.0
2022-12-03,Project Zomboid,34.0
2022-12-03,The Elder Scrolls® Online,35.0
2022-12-03,No Man's Sky,36.0
2022-12-03,Marvel’s Spider-Man: Miles Morales,37.0
2022-12-03,Ready or Not,38.0
2022-12-03,Tom Clancy's Ghost Recon® Wildlands,39.0
2022-12-03,Predecessor: Rare DLC,40.0
2022-12-03,Raft,41.0
2022-12-03,SAMURAI MAIDEN,42.0
2022-12-03,Cities: Skylines,43.0
2022-12-03,Farming Simulator 22,44.0
2022-12-03,World of Warships,45.0
2022-12-03,Black Desert,46.0
2022-12-03,嗜血印 Bloody Spell,47.0
2022-12-03,World of Tanks,48.0
2022-12-03,Forza Horizon 5,49.0
2022-12-03,God of War,50.0
2022-12-03,Euro Truck Simulator 2,51.0
2022-12-03,Victoria 3,52.0
2022-12-03,Assassin's Creed® Origins,53.0
2022-12-03,SCUM,54.0
2022-12-03,Microsoft Flight Simulator 40th Anniversary Edition,55.0
2022-12-03,Team Fortress 2,56.0
2022-12-03,MARVEL SNAP,57.0
2022-12-03,ARK: Survival Evolved,58.0
2022-12-03,Phasmophobia,59.0
2022-12-03,Sea of Thieves,60.0
2022-12-03,Grounded,61.0
2022-12-03,Tower of Fantasy,62.0
2022-12-03,Hell Let Loose,63.0
2022-12-03,The Sims™ 4,64.0
2022-12-03,Mafia: Definitive Edition,65.0
2022-12-03,MONSTER HUNTER RISE,66.0
2022-12-03,Shadows Over Loathing,67.0
2022-12-03,Valheim,68.0
2022-12-03,X4: Foundations,69.0
2022-12-03,Romancing SaGa -Minstrel Song- Remastered,70.0
2022-12-03,Path of Exile,71.0
2022-12-03,CRISIS CORE –FINAL FANTASY VII– REUNION,72.0
2022-12-03,RimWorld - Biotech,73.0
2022-12-03,American Truck Simulator,74.0
2022-12-03,Hogwarts Legacy,75.0
2022-12-03,ZERO Sievert,76.0
2022-12-03,Sackboy™: A Big Adventure,77.0
2022-12-03,New World,78.0
2022-12-03,STAR WARS™: The Old Republic™,79.0
2022-12-03,The Forest,80.0
2022-12-03,Cyberpunk 2077,81.0
2022-12-03,Evil West,82.0
2022-12-03,Stellaris,83.0
2022-12-03,Fallout 76: The Pitt,84.0
2022-12-03,Stardew Valley,85.0
2022-12-03,Sid Meier’s Civilization® VI,86.0
2022-12-03,Sonic Frontiers,87.0
2022-12-03,Red Dead Redemption 2,88.0
2022-12-03,Don't Starve Together,89.0
2022-12-03,Terraria,90.0
2022-12-03,theHunter: Call of the Wild™,91.0
2022-12-03,Persona 5 Royal,92.0
2022-12-03,World of Tanks Blitz,93.0
2022-12-03,Marvel’s Spider-Man Remastered,94.0
2022-12-03,Total War: WARHAMMER III,95.0
2022-12-03,The Elder Scrolls V: Skyrim Special Edition,96.0
2022-12-03,Rubber Bandits,97.0
2022-12-03,Fable Anniversary,98.0
2022-12-03,Summoners War: Chronicles,99.0
2022-12-03,Age of Empires IV: Anniversary Edition,100.0
2022-12-03,Mount & Blade II: Bannerlord,101.0
2022-12-03,It Takes Two,102.0
2022-12-03,Goose Goose Duck,103.0
2022-12-03,Hearts of Iron IV,104.0
2022-12-03,Assassin's Creed® Unity,105.0
2022-12-03,Predecessor: Epic DLC,106.0
2022-12-03,Assassin's Creed® Syndicate,107.0
2022-12-03,Hunt: Showdown,108.0
2022-12-03,BeamNG.drive,109.0
2022-12-03,Cosmoteer: Starship Architect & Commander,110.0
2022-12-03,War Robots,111.0
2022-12-03,DAVE THE DIVER,112.0
2022-12-03,Pummel Party,113.0
2022-12-03,Crusader Kings III,114.0
2022-12-03,Against the Storm,115.0
2022-12-03,WWE 2K22,116.0
2022-12-03,Stranded: Alien Dawn,117.0
2022-12-03,UNCHARTED™: Legacy of Thieves Collection,118.0
2022-12-03,Stray,119.0
2022-12-03,Deep Rock Galactic,120.0
2022-12-03,The Dark Pictures Anthology: The Devil in Me,121.0
2022-12-03,Borderlands 3,122.0
2022-12-03,Tom Clancy’s The Division™,123.0
2022-12-03,Witch It,124.0
2022-12-03,American Truck Simulator - Texas,125.0
2022-12-03,Predecessor: Legendary DLC,126.0
2022-12-03,Factorio,127.0
2022-12-03,Beach Invasion 1944,128.0
2022-12-03,Curious Expedition 2,129.0
2022-12-03,Guild Wars 2,130.0
2022-12-03,We Who Are About To Die,131.0
2022-12-03,Baldur's Gate 3,132.0
2022-12-03,Among Us,133.0
2022-12-03,Left 4 Dead 2,134.0
2022-12-03,Assetto Corsa,135.0
2022-12-03,Bloons TD 6,136.0
2022-12-03,Garry's Mod,137.0
2022-12-03,Tactics Ogre: Reborn,138.0
2022-12-03,XCOM® 2,139.0
2022-12-03,SMITE®,140.0
2022-12-03,DayZ,141.0
2022-12-03,Inside the Backrooms,142.0
2022-12-03,Risk of Rain 2,143.0
2022-12-03,Soulstone Survivors,144.0
2022-12-03,Gunfire Reborn,145.0
2022-12-03,Satisfactory,146.0
2022-12-03,Planet Zoo,147.0
2022-12-03,Stumble Guys,148.0
2022-12-03,Conan Exiles,149.0
2022-12-03,The Binding of Isaac: Rebirth,150.0
2022-12-03,Call of Duty®: Black Ops III,151.0
2022-12-03,"Ranch Simulator - Build, Farm, Hunt",152.0
2022-12-03,ASTLIBRA Revision,153.0
2022-12-03,Two Point Campus,154.0
2022-12-03,Ship of Fools,155.0
2022-12-03,GUILTY GEAR -STRIVE-,156.0
2022-12-03,My Time at Sandrock,157.0
2022-12-03,Euro Truck Simulator 2 - Feldbinder Trailer Pack,158.0
2022-12-03,Warhammer: Vermintide 2,159.0
2022-12-03,Beat Saber,160.0
2022-12-03,Madden NFL 23,161.0
2022-12-03,Brotato,162.0
2022-12-03,Farthest Frontier,163.0
2022-12-03,MapleStory,164.0
2022-12-03,Tropico 6,165.0
2022-12-03,Dragon Age™ Inquisition,166.0
2022-12-03,Craftopia,167.0
2022-12-03,SnowRunner,168.0
2022-12-03,Wartales,169.0
2022-12-03,VRChat,170.0
2022-12-03,Barotrauma,171.0
2022-12-03,Age of Empires II: Definitive Edition,172.0
2022-12-03,Resident Evil Village,173.0
2022-12-03,轮回修仙路,174.0
2022-12-03,eFootball™ 2023,175.0
2022-12-03,PAYDAY 2,176.0
2022-12-03,ヘブンバーンズレッド,177.0
2022-12-03,Munchkin Digital,178.0
2022-12-03,GrandChase,179.0
2022-12-03,Cult of the Lamb,180.0
2022-12-03,Monster Hunter: World,181.0
2022-12-03,This War of Mine,182.0
2022-12-03,Squad,183.0
2022-12-03,Fallout 4,184.0
2022-12-03,7 Days to Die,185.0
2022-12-03,Bendy and the Dark Revival,186.0
2022-12-03,Stacklands,187.0
2022-12-03,Brawlhalla,188.0
2022-12-03,Police Simulator: Patrol Officers,189.0
2022-12-03,Albion Online,190.0
2022-12-03,Construction Simulator,191.0
2022-12-03,Farming Simulator 22 - Platinum Expansion,192.0
2022-12-03,My Singing Monsters,193.0
2022-12-03,RuneScape ®,194.0
2022-12-03,V Rising,195.0
2022-12-03,Halo Infinite,196.0
2022-12-03,"Warhammer 40,000: Inquisitor - Martyr",197.0
2022-12-03,Slime Rancher 2,198.0
2022-12-03,Bright Memory: Infinite,199.0
2022-12-03,Car Mechanic Simulator 2021,200.0
2022-12-03,The Witcher® 3: Wild Hunt,201.0
2022-12-03,EVE Online,202.0
2022-12-03,Dying Light 2 Stay Human,203.0
2022-12-03,Disney Dreamlight Valley,204.0
2022-12-03,"Warhammer 40,000: Inquisitor - Martyr - Sororitas Class",205.0
2022-12-03,Aonatsu Line,206.0
2022-12-03,The Room 4: Old Sins,207.0
2022-12-03,Elite Dangerous,208.0
2022-12-03,Sniper Elite 5,209.0
2022-12-03,SIGNALIS,210.0
2022-12-03,ARK: Genesis Season Pass,211.0
2022-12-03,GUNDAM EVOLUTION,212.0
2022-12-03,Total War: WARHAMMER II,213.0
2022-12-03,Teardown,214.0
2022-12-03,The Dark Pictures Anthology: House of Ashes,215.0
2022-12-03,Card Survival: Tropical Island,216.0
2022-12-03,Pentiment,217.0
2022-12-03,Assassin's Creed® Odyssey,218.0
2022-12-03,Trek to Yomi,219.0
2022-12-03,Into the Nightmare,220.0
2022-12-03,The Past Within,221.0
2022-12-03,FINAL FANTASY VII REMAKE INTERGRADE,222.0
2022-12-03,Tropico 6 - New Frontiers,223.0
2022-12-03,RimWorld - Ideology,224.0
2022-12-03,CarX Drift Racing Online,225.0
2022-12-03,Core Keeper,226.0
2022-12-03,FOR HONOR™,227.0
2022-12-03,Assassin's Creed 2,228.0
2022-12-03,Dinkum,229.0
2022-12-03,PlateUp!,230.0
2022-12-03,WorldBox - God Simulator,231.0
2022-12-03,Vampire Survivors,232.0
2022-12-03,DARK SOULS™ III,233.0
2022-12-03,iRacing,234.0
2022-12-03,Phantasy Star Online 2 New Genesis,235.0
2022-12-03,Overcooked! 2,236.0
2022-12-03,X4: Tides of Avarice,237.0
2022-12-03,Europa Universalis IV,238.0
2022-12-03,House Flipper,239.0
2022-12-03,Summer Memories,240.0
2022-12-03,Resident Evil 4,241.0
2022-12-03,Football Manager 2023 In-game Editor,242.0
2022-12-03,Gotham Knights,243.0
2022-12-03,Sekiro™: Shadows Die Twice - GOTY Edition,244.0
2022-12-03,Cuphead,245.0
2022-12-03,PGA TOUR 2K23,246.0
2022-12-03,The Elder Scrolls V: Skyrim Anniversary Upgrade,247.0
2022-12-03,Arma 3,248.0
2022-12-03,Divinity: Original Sin 2 - Definitive Edition,249.0
2022-12-03,DCS World Steam Edition,250.0
2022-12-03,Shop Titans,251.0
2022-12-03,Hades,252.0
2022-12-03,DEVOUR,253.0
2022-12-03,Tabletop Simulator,254.0
2022-12-03,Tom Clancy’s Splinter Cell Blacklist,255.0
2022-12-03,Astro Colony,256.0
2022-12-03,Destroy All Humans! 2 - Reprobed,257.0
2022-12-03,Dead Cells,258.0
2022-12-03,Green Hell,259.0
2022-12-03,Stellaris: Overlord,260.0
2022-12-03,The Last Campfire,261.0
2022-12-03,Cartel Tycoon,262.0
2022-12-03,A Plague Tale: Requiem,263.0
2022-12-03,Governor of Poker 3,264.0
2022-12-03,Call of Duty League™ - Atlanta FaZe Pack 2023,265.0
2022-12-03,BLEACH Brave Souls,266.0
2022-12-03,Dead by Daylight - Forged in Fog Chapter,267.0
2022-12-03,Dead Space,268.0
2022-12-03,Cardfight!! Vanguard Dear Days,269.0
2022-12-03,DARK SOULS™: REMASTERED,270.0
2022-12-03,Crossout,271.0
2022-12-03,Cities: Skylines - Plazas & Promenades,272.0
2022-12-03,GNOSIA,273.0
2022-12-03,Escape Simulator,274.0
2022-12-03,Stellaris: Toxoids Species Pack,275.0
2022-12-03,Chivalry 2,276.0
2022-12-03,Space Engineers,277.0
2022-12-03,Marauders,278.0
2022-12-03,Blade and Sorcery,279.0
2022-12-03,Half-Life: Alyx,280.0
2022-12-03,PowerWash Simulator,281.0
2022-12-03,Dread Hunger,282.0
2022-12-03,Solasta: Crown of the Magister,283.0
2022-12-03,Trombone Champ,284.0
2022-12-03,Call of Duty League™ - Los Angeles Guerrillas Pack 2023,285.0
2022-12-03,Soulworker,286.0
2022-12-03,Timberborn,287.0
2022-12-03,VillageRhapsody,288.0
2022-12-03,Train Simulator Classic,289.0
2022-12-03,Subnautica,290.0
2022-12-03,Hollow Knight,291.0
2022-12-03,RimWorld - Royalty,292.0
2022-12-03,Coral Island,293.0
2022-12-03,Tom Clancy's Splinter Cell Conviction™,294.0
2022-12-03,Hello Neighbor,295.0
2022-12-03,Torchlight: Infinite,296.0
2022-12-03,蜀山：初章,297.0
2022-12-03,MX Bikes,298.0
2022-12-03,Risk of Rain 2: Survivors of the Void,299.0
2022-12-03,BONELAB,300.0
2022-12-03,Portal 2,301.0
2022-12-03,Age of Empires III: Definitive Edition,302.0
2022-12-03,Jurassic World Evolution 2,303.0
2022-12-03,The Jackbox Party Pack 9,304.0
2022-12-03,Shadowverse CCG,305.0
2022-12-03,F1® 22,306.0
2022-12-03,Yu-Gi-Oh! Duel Links,307.0
2022-12-03,Call to Arms - Gates of Hell: Ostfront,308.0
2022-12-03,Book of Yog Idle RPG,309.0
2022-12-03,GTFO,310.0
2022-12-03,Total War: WARHAMMER,311.0
2022-12-03,TRAHA Global,312.0
2022-12-03,A Little to the Left,313.0
2022-12-03,Minecraft Dungeons,314.0
2022-12-03,Land of the Vikings,315.0
2022-12-03,Monster Hunter Rise: Sunbreak,316.0
2022-12-03,Warface,317.0
2022-12-03,Forza Horizon 4,318.0
2022-12-03,Call of Duty League™ - OpTic Texas Pack 2023,319.0
2022-12-03,Per Aspera,320.0
2022-12-03,Call of Duty League™ - Launch Pack,321.0
2022-12-03,ICARUS,322.0
2022-12-03,ASTRONEER,323.0
2022-12-03,镇邪,324.0
2022-12-03,DJMAX RESPECT V,325.0
2022-12-03,Winter Resort Simulator 2,326.0
2022-12-03,Paladins®,327.0
2022-12-03,GWENT: The Witcher Card Game,328.0
2022-12-03,Human: Fall Flat,329.0
2022-12-03,Wizard101,330.0
2022-12-03,NARUTO TO BORUTO: SHINOBI STRIKER,331.0
2022-12-03,Total War™: ROME II - Emperor Edition,332.0
2022-12-03,ROMANCE OF THE THREE KINGDOMS XIV,333.0
2022-12-03,Assetto Corsa Competizione,334.0
2022-12-03,Secret Neighbor: Hello Neighbor Multiplayer,335.0
2022-12-03,KARDS - The WWII Card Game,336.0
2022-12-03,CounterSide,337.0
2022-12-03,Fishing Planet,338.0
2022-12-03,Gloomhaven,339.0
2022-12-03,The Callisto Protocol™ - Season Pass,340.0
2022-12-03,Halo: The Master Chief Collection,341.0
2022-12-03,Gunfire Reborn - Visitors of Spirit Realm,342.0
2022-12-03,Resident Evil Village - Winters’ Expansion,343.0
2022-12-03,Train Sim World® 3,344.0
2022-12-03,Star Trek Online,345.0
2022-12-03,Slay the Spire,346.0
2022-12-03,Stormworks: Build and Rescue,347.0
2022-12-03,Total War: WARHAMMER III - Champions of Chaos,348.0
2022-12-03,Destroy All Humans!,349.0
2022-12-03,FreestyleFootball R,350.0
2022-12-03,PICO PARK,351.0
2022-12-03,The Room Three,352.0
2022-12-03,Call of Duty League™ - Toronto Ultra Pack 2023,353.0
2022-12-03,Russian Fishing 4,354.0
2022-12-03,FIFA 22,355.0
2022-12-03,Frozen Flame,356.0
2022-12-03,The Room VR: A Dark Matter,357.0
2022-12-03,Tom Clancy's Splinter Cell Conviction™,358.0
2022-12-03,We Were Here Forever,359.0
2022-12-03,The Beast Inside,360.0
2022-12-03,Tiny Tina's Wonderlands,361.0
2022-12-03,HUMANKIND™,362.0
2022-12-03,NieR:Automata™,363.0
2022-12-03,Terra Invicta,364.0
2022-12-03,HITMAN 3,365.0
2022-12-03,Lords Mobile,366.0
2022-12-03,Muse Dash,367.0
2022-12-03,Total War: THREE KINGDOMS,368.0
2022-12-03,Battlefield™ V,369.0
2022-12-03,Realm of the Mad God Exalt,370.0
2022-12-03,Stranded Deep,371.0
2022-12-03,Back 4 Blood,372.0
2022-12-03,Trove,373.0
2022-12-03,rFactor 2,374.0
2022-12-03,GROUND BRANCH,375.0
2022-12-03,Totally Accurate Battle Simulator,376.0
2022-12-03,3DMark,377.0
2022-12-03,Destiny 2: The Witch Queen,378.0
2022-12-03,The Binding of Isaac: Repentance,379.0
2022-12-03,Conqueror's Blade,380.0
2022-12-03,Shatterline,381.0
2022-12-03,Monster Hunter World: Iceborne,382.0
2022-12-03,FOREWARNED,383.0
2022-12-03,Not For Broadcast,384.0
2022-12-03,The Oregon Trail,385.0
2022-12-03,Wobbledogs,386.0
2022-12-03,Oxygen Not Included,387.0
2022-12-03,Expansion - Hearts of Iron IV: By Blood Alone,388.0
2022-12-03,Golf With Your Friends,389.0
2022-12-03,Element TD 2 - Tower Defense,390.0
2022-12-03,The Sims™ 3,391.0
2022-12-03,Burnhouse Lane,392.0
2022-12-03,Euro Truck Simulator 2 - Iberia,393.0
2022-12-03,Inscryption,394.0
2022-12-04,Counter-Strike: Global Offensive,1.0
2022-12-04,Call of Duty®: Modern Warfare® II,2.0
2022-12-04,"Warhammer 40,000: Darktide",3.0
2022-12-04,Dota 2,4.0
2022-12-04,Need for Speed™ Unbound,5.0
2022-12-04,The Callisto Protocol™,6.0
2022-12-04,Marvel's Midnight Suns,7.0
2022-12-04,PUBG: BATTLEGROUNDS,8.0
2022-12-04,EA SPORTS™ FIFA 23,9.0
2022-12-04,Apex Legends™,10.0
2022-12-04,Lost Ark,11.0
2022-12-04,NARAKA: BLADEPOINT,12.0
2022-12-04,Warframe,13.0
2022-12-04,Battlefield™ 2042,14.0
2022-12-04,War Thunder,15.0
2022-12-04,NBA 2K23,16.0
2022-12-04,ELDEN RING,17.0
2022-12-04,Dead by Daylight,18.0
2022-12-04,Grand Theft Auto V,19.0
2022-12-04,Tom Clancy's Rainbow Six® Siege,20.0
2022-12-04,Destiny 2,21.0
2022-12-04,Predecessor,22.0
2022-12-04,Football Manager 2023,23.0
2022-12-04,Yu-Gi-Oh! Master Duel,24.0
2022-12-04,Rust,25.0
2022-12-04,Project Zomboid,26.0
2022-12-04,RimWorld,27.0
2022-12-04,UNDECEMBER,28.0
2022-12-04,World War Z: Aftermath,29.0
2022-12-04,Wallpaper Engine,30.0
2022-12-04,Marvel’s Spider-Man: Miles Morales,31.0
2022-12-04,"Warhammer 40,000: Darktide - Imperial Edition",32.0
2022-12-04,Call of Duty League™ - Los Angeles Thieves Pack 2023,33.0
2022-12-04,Ready or Not,34.0
2022-12-04,Raft,35.0
2022-12-04,No Man's Sky,36.0
2022-12-04,The Elder Scrolls® Online,37.0
2022-12-04,Call of Duty®: Modern Warfare® II - Desert Rogue: Pro Pack,38.0
2022-12-04,Tom Clancy's Ghost Recon® Wildlands,39.0
2022-12-04,God of War,40.0
2022-12-04,Cities: Skylines,41.0
2022-12-04,Black Desert,42.0
2022-12-04,FINAL FANTASY XIV Online,43.0
2022-12-04,Forza Horizon 5,44.0
2022-12-04,Predecessor: Rare DLC,45.0
2022-12-04,Phasmophobia,46.0
2022-12-04,Grounded,47.0
2022-12-04,Farming Simulator 22,48.0
2022-12-04,World of Warships,49.0
2022-12-04,Sea of Thieves,50.0
2022-12-04,Valheim,51.0
2022-12-04,SCUM,52.0
2022-12-04,Microsoft Flight Simulator 40th Anniversary Edition,53.0
2022-12-04,Assassin's Creed® Origins,54.0
2022-12-04,Hell Let Loose,55.0
2022-12-04,The Sims™ 4,56.0
2022-12-04,ARK: Survival Evolved,57.0
2022-12-04,Victoria 3,58.0
2022-12-04,嗜血印 Bloody Spell,59.0
2022-12-04,SAMURAI MAIDEN,60.0
2022-12-04,American Truck Simulator,61.0
2022-12-04,Team Fortress 2,62.0
2022-12-04,MONSTER HUNTER RISE,63.0
2022-12-04,RimWorld - Biotech,64.0
2022-12-04,Cyberpunk 2077,65.0
2022-12-04,Mafia: Definitive Edition,66.0
2022-12-04,New World,67.0
2022-12-04,MARVEL SNAP,68.0
2022-12-04,World of Tanks,69.0
2022-12-04,Shadows Over Loathing,70.0
2022-12-04,The Forest,71.0
2022-12-04,CRISIS CORE –FINAL FANTASY VII– REUNION,72.0
2022-12-04,Stardew Valley,73.0
2022-12-04,Sackboy™: A Big Adventure,74.0
2022-12-04,The Elder Scrolls V: Skyrim Special Edition,75.0
2022-12-04,Euro Truck Simulator 2,76.0
2022-12-04,Red Dead Redemption 2,77.0
2022-12-04,theHunter: Call of the Wild™,78.0
2022-12-04,Stellaris,79.0
2022-12-04,Songs of Conquest,80.0
2022-12-04,Tower of Fantasy,81.0
2022-12-04,Evil West,82.0
2022-12-04,Sid Meier’s Civilization® VI,83.0
2022-12-04,Hogwarts Legacy,84.0
2022-12-04,X4: Foundations,85.0
2022-12-04,ZERO Sievert,86.0
2022-12-04,Path of Exile,87.0
2022-12-04,Marvel’s Spider-Man Remastered,88.0
2022-12-04,Terraria,89.0
2022-12-04,Persona 5 Royal,90.0
2022-12-04,Fallout 76: The Pitt,91.0
2022-12-04,Don't Starve Together,92.0
2022-12-04,Sonic Frontiers,93.0
2022-12-04,Summoners War: Chronicles,94.0
2022-12-04,Total War: WARHAMMER III,95.0
2022-12-04,We Who Are About To Die,96.0
2022-12-04,It Takes Two,97.0
2022-12-04,World of Tanks Blitz,98.0
2022-12-04,BeamNG.drive,99.0
2022-12-04,STAR WARS™: The Old Republic™,100.0
2022-12-04,Deep Rock Galactic,101.0
2022-12-04,Romancing SaGa -Minstrel Song- Remastered,102.0
2022-12-04,Fable Anniversary,103.0
2022-12-04,Craftopia,104.0
2022-12-04,Goose Goose Duck,105.0
2022-12-04,Bloons TD 6,106.0
2022-12-04,Mount & Blade II: Bannerlord,107.0
2022-12-04,Borderlands 3,108.0
2022-12-04,Hunt: Showdown,109.0
2022-12-04,Guild Wars 2,110.0
2022-12-04,Age of Empires IV: Anniversary Edition,111.0
2022-12-04,Stray,112.0
2022-12-04,SMITE®,113.0
2022-12-04,War Robots,114.0
2022-12-04,Madden NFL 23,115.0
2022-12-04,Call of Duty®: Black Ops III,116.0
2022-12-04,Against the Storm,117.0
2022-12-04,Risk of Rain 2,118.0
2022-12-04,Assassin's Creed® Syndicate,119.0
2022-12-04,Rubber Bandits,120.0
2022-12-04,Hearts of Iron IV,121.0
2022-12-04,Pummel Party,122.0
2022-12-04,Assetto Corsa,123.0
2022-12-04,Garry's Mod,124.0
2022-12-04,DayZ,125.0
2022-12-04,DAVE THE DIVER,126.0
2022-12-04,Crusader Kings III,127.0
2022-12-04,Among Us,128.0
2022-12-04,Baldur's Gate 3,129.0
2022-12-04,Satisfactory,130.0
2022-12-04,Left 4 Dead 2,131.0
2022-12-04,Factorio,132.0
2022-12-04,Assassin's Creed® Unity,133.0
2022-12-04,Warhammer: Vermintide 2,134.0
2022-12-04,Cosmoteer: Starship Architect & Commander,135.0
2022-12-04,Witch It,136.0
2022-12-04,Tom Clancy’s The Division™,137.0
2022-12-04,American Truck Simulator - Texas,138.0
2022-12-04,The Dark Pictures Anthology: The Devil in Me,139.0
2022-12-04,WWE 2K22,140.0
2022-12-04,Conan Exiles,141.0
2022-12-04,Beat Saber,142.0
2022-12-04,Inside the Backrooms,143.0
2022-12-04,Gunfire Reborn,144.0
2022-12-04,UNCHARTED™: Legacy of Thieves Collection,145.0
2022-12-04,"Ranch Simulator - Build, Farm, Hunt",146.0
2022-12-04,Predecessor: Epic DLC,147.0
2022-12-04,Tactics Ogre: Reborn,148.0
2022-12-04,XCOM® 2,149.0
2022-12-04,Planet Zoo,150.0
2022-12-04,SnowRunner,151.0
2022-12-04,The Binding of Isaac: Rebirth,152.0
2022-12-04,Ship of Fools,153.0
2022-12-04,GUILTY GEAR -STRIVE-,154.0
2022-12-04,Soulstone Survivors,155.0
2022-12-04,Barotrauma,156.0
2022-12-04,MapleStory,157.0
2022-12-04,Cult of the Lamb,158.0
2022-12-04,Fallout 4,159.0
2022-12-04,PAYDAY 2,160.0
2022-12-04,Halo Infinite,161.0
2022-12-04,Predecessor: Legendary DLC,162.0
2022-12-04,Stranded: Alien Dawn,163.0
2022-12-04,Beach Invasion 1944,164.0
2022-12-04,My Singing Monsters,165.0
2022-12-04,ASTLIBRA Revision,166.0
2022-12-04,Squad,167.0
2022-12-04,PlateUp!,168.0
2022-12-04,Two Point Campus,169.0
2022-12-04,Farthest Frontier,170.0
2022-12-04,Brawlhalla,171.0
2022-12-04,My Time at Sandrock,172.0
2022-12-04,7 Days to Die,173.0
2022-12-04,RuneScape ®,174.0
2022-12-04,FOR HONOR™,175.0
2022-12-04,Age of Empires II: Definitive Edition,176.0
2022-12-04,Dragon Age™ Inquisition,177.0
2022-12-04,Resident Evil Village,178.0
2022-12-04,V Rising,179.0
2022-12-04,FINAL FANTASY VII REMAKE INTERGRADE,180.0
2022-12-04,Brotato,181.0
2022-12-04,Slime Rancher 2,182.0
2022-12-04,The Jackbox Party Pack 9,183.0
2022-12-04,Bendy and the Dark Revival,184.0
2022-12-04,Bright Memory: Infinite,185.0
2022-12-04,SIGNALIS,186.0
2022-12-04,The Witcher® 3: Wild Hunt,187.0
2022-12-04,Pentiment,188.0
2022-12-04,Monster Hunter: World,189.0
2022-12-04,Divinity: Original Sin 2 - Definitive Edition,190.0
2022-12-04,Dinkum,191.0
2022-12-04,GrandChase,192.0
2022-12-04,Marauders,193.0
2022-12-04,Police Simulator: Patrol Officers,194.0
2022-12-04,Wartales,195.0
2022-12-04,Car Mechanic Simulator 2021,196.0
2022-12-04,Elite Dangerous,197.0
2022-12-04,Gotham Knights,198.0
2022-12-04,PGA TOUR 2K23,199.0
2022-12-04,Curious Expedition 2,200.0
2022-12-04,Into the Nightmare,201.0
2022-12-04,Munchkin Digital,202.0
2022-12-04,WorldBox - God Simulator,203.0
2022-12-04,GUNDAM EVOLUTION,204.0
2022-12-04,ヘブンバーンズレッド,205.0
2022-12-04,Card Survival: Tropical Island,206.0
2022-12-04,Tabletop Simulator,207.0
2022-12-04,Construction Simulator,208.0
2022-12-04,Total War: WARHAMMER II,209.0
2022-12-04,Teardown,210.0
2022-12-04,DCS World Steam Edition,211.0
2022-12-04,Core Keeper,212.0
2022-12-04,Tropico 6,213.0
2022-12-04,Disney Dreamlight Valley,214.0
2022-12-04,RimWorld - Ideology,215.0
2022-12-04,eFootball™ 2023,216.0
2022-12-04,Albion Online,217.0
2022-12-04,Phantasy Star Online 2 New Genesis,218.0
2022-12-04,ARK: Genesis Season Pass,219.0
2022-12-04,This War of Mine,220.0
2022-12-04,Stumble Guys,221.0
2022-12-04,The Suicide of Rachel Foster,222.0
2022-12-04,Hades,223.0
2022-12-04,The Elder Scrolls V: Skyrim Anniversary Upgrade,224.0
2022-12-04,CarX Drift Racing Online,225.0
2022-12-04,Escape Simulator,226.0
2022-12-04,Hellish Quart,227.0
2022-12-04,"Warhammer 40,000: Inquisitor - Martyr",228.0
2022-12-04,The Room 4: Old Sins,229.0
2022-12-04,The Past Within,230.0
2022-12-04,BONELAB,231.0
2022-12-04,The Dark Pictures Anthology: House of Ashes,232.0
2022-12-04,Assassin's Creed® Odyssey,233.0
2022-12-04,House Flipper,234.0
2022-12-04,Sniper Elite 5,235.0
2022-12-04,EVE Online,236.0
2022-12-04,Farming Simulator 22 - Platinum Expansion,237.0
2022-12-04,Resident Evil 4,238.0
2022-12-04,Arma 3,239.0
2022-12-04,DEVOUR,240.0
2022-12-04,Vampire Survivors,241.0
2022-12-04,Subnautica,242.0
2022-12-04,Sekiro™: Shadows Die Twice - GOTY Edition,243.0
2022-12-04,Destroy All Humans! 2 - Reprobed,244.0
2022-12-04,Overcooked! 2,245.0
2022-12-04,VRChat,246.0
2022-12-04,ICARUS,247.0
2022-12-04,Space Engineers,248.0
2022-12-04,Dying Light 2 Stay Human,249.0
2022-12-04,Green Hell,250.0
2022-12-04,Cuphead,251.0
2022-12-04,Dead Space,252.0
2022-12-04,Chivalry 2,253.0
2022-12-04,Euro Truck Simulator 2 - Feldbinder Trailer Pack,254.0
2022-12-04,DARK SOULS™ III,255.0
2022-12-04,Risk of Rain 2: Survivors of the Void,256.0
2022-12-04,Portal 2,257.0
2022-12-04,Book of Yog Idle RPG,258.0
2022-12-04,Tiny Tina's Wonderlands,259.0
2022-12-04,ROMANCE OF THE THREE KINGDOMS XIV,260.0
2022-12-04,Disco Elysium - The Final Cut,261.0
2022-12-04,A Little to the Left,262.0
2022-12-04,Assassin's Creed 2,263.0
2022-12-04,PowerWash Simulator,264.0
2022-12-04,GTFO,265.0
2022-12-04,Golf With Your Friends,266.0
2022-12-04,Summer Memories,267.0
2022-12-04,The Greatest Penguin Heist of All Time,268.0
2022-12-04,Trombone Champ,269.0
2022-12-04,FreestyleFootball R,270.0
2022-12-04,Football Manager 2023 In-game Editor,271.0
2022-12-04,DARK SOULS™: REMASTERED,272.0
2022-12-04,Dead Cells,273.0
2022-12-04,"Warhammer 40,000: Inquisitor - Martyr - Sororitas Class",274.0
2022-12-04,Blade and Sorcery,275.0
2022-12-04,Europa Universalis IV,276.0
2022-12-04,BLEACH Brave Souls,277.0
2022-12-04,Wizard101,278.0
2022-12-04,轮回修仙路,279.0
2022-12-04,Stellaris: Overlord,280.0
2022-12-04,Shadowverse CCG,281.0
2022-12-04,Hollow Knight,282.0
2022-12-04,Dead by Daylight - Forged in Fog Chapter,283.0
2022-12-04,Halo: The Master Chief Collection,284.0
2022-12-04,Peglin,285.0
2022-12-04,X4: Tides of Avarice,286.0
2022-12-04,Stellaris: Toxoids Species Pack,287.0
2022-12-04,RimWorld - Royalty,288.0
2022-12-04,Tom Clancy’s Splinter Cell Blacklist,289.0
2022-12-04,Coral Island,290.0
2022-12-04,Solasta: Crown of the Magister,291.0
2022-12-04,Aonatsu Line,292.0
2022-12-04,Lords Mobile,293.0
2022-12-04,Destiny 2: The Witch Queen,294.0
2022-12-04,F1® 22,295.0
2022-12-04,GNOSIA,296.0
2022-12-04,ASTRONEER,297.0
2022-12-04,Tom Clancy's Splinter Cell Conviction™,298.0
2022-12-04,Astro Colony,299.0
2022-12-04,Stacklands,300.0
2022-12-04,FOREWARNED,301.0
2022-12-04,Monster Hunter Rise: Sunbreak,302.0
2022-12-04,Cities: Skylines - Plazas & Promenades,303.0
2022-12-04,The Last Campfire,304.0
2022-12-04,iRacing,305.0
2022-12-04,Paladins®,306.0
2022-12-04,GWENT: The Witcher Card Game,307.0
2022-12-04,EverQuest II,308.0
2022-12-04,Half-Life: Alyx,309.0
2022-12-04,Forza Horizon 4,310.0
2022-12-04,MX Bikes,311.0
2022-12-04,Timberborn,312.0
2022-12-04,Gas Station Simulator,313.0
2022-12-04,Star Trek Online,314.0
2022-12-04,镇邪,315.0
2022-12-04,Call of Duty®: Black Ops II,316.0
2022-12-04,Torchlight: Infinite,317.0
2022-12-04,Wobbledogs,318.0
2022-12-04,Minecraft Dungeons,319.0
2022-12-04,FIFA 22,320.0
2022-12-04,A Plague Tale: Requiem,321.0
2022-12-04,HITMAN 3,322.0
2022-12-04,Cartel Tycoon,323.0
2022-12-04,Land of the Vikings,324.0
2022-12-04,Age of Empires III: Definitive Edition,325.0
2022-12-04,Cardfight!! Vanguard Dear Days,326.0
2022-12-04,Gunfire Reborn - Visitors of Spirit Realm,327.0
2022-12-04,Call to Arms - Gates of Hell: Ostfront,328.0
2022-12-04,Shop Titans,329.0
2022-12-04,Total War: WARHAMMER,330.0
2022-12-04,VillageRhapsody,331.0
2022-12-04,Trove,332.0
2022-12-04,Human: Fall Flat,333.0
2022-12-04,Call of Duty League™ - Los Angeles Guerrillas Pack 2023,334.0
2022-12-04,Slay the Spire,335.0
2022-12-04,Jurassic World Evolution 2,336.0
2022-12-04,Stormworks: Build and Rescue,337.0
2022-12-04,CounterSide,338.0
2022-12-04,Call of Duty League™ - Atlanta FaZe Pack 2023,339.0
2022-12-04,Assetto Corsa Competizione,340.0
2022-12-04,PICO PARK,341.0
2022-12-04,NARUTO TO BORUTO: SHINOBI STRIKER,342.0
2022-12-04,Russian Fishing 4,343.0
2022-12-04,The Oregon Trail,344.0
2022-12-04,蜀山：初章,345.0
2022-12-04,UNO,346.0
2022-12-04,Inscryption,347.0
2022-12-04,Dread Hunger,348.0
2022-12-04,Tropico 6 - New Frontiers,349.0
2022-12-04,Total War: THREE KINGDOMS,350.0
2022-12-04,Among Us VR,351.0
2022-12-04,GROUND BRANCH,352.0
2022-12-04,Call of Duty League™ - Launch Pack,353.0
2022-12-04,The Isle,354.0
2022-12-04,Oxygen Not Included,355.0
2022-12-04,"Papers, Please",356.0
2022-12-04,March of Empires,357.0
2022-12-04,Crossout,358.0
2022-12-04,The Jackbox Party Pack 3,359.0
2022-12-04,Governor of Poker 3,360.0
2022-12-04,Total War: WARHAMMER III - Champions of Chaos,361.0
2022-12-04,ULTRAKILL,362.0
2022-12-04,We Were Here Forever,363.0
2022-12-04,Gang Beasts,364.0
2022-12-04,HARVESTELLA,365.0
2022-12-04,Totally Accurate Battle Simulator,366.0
2022-12-04,Insurgency: Sandstorm,367.0
2022-12-04,Train Simulator Classic,368.0
2022-12-04,Gloomhaven,369.0
2022-12-04,Frozen Flame,370.0
2022-12-04,DJMAX RESPECT V,371.0
2022-12-04,Guild Wars 2: Heart of Thorns™ & Guild Wars 2: Path of Fire™ Expansions,372.0
2022-12-04,TRAHA Global,373.0
2022-12-04,Detroit: Become Human,374.0
2022-12-04,Northgard,375.0
2022-12-04,Battlefield™ 1,376.0
2022-12-04,Fallout: New Vegas,377.0
2022-12-04,Dying Light,378.0
2022-12-04,Expansion - Hearts of Iron IV: By Blood Alone,379.0
2022-12-04,NieR:Automata™,380.0
2022-12-04,Call of Duty League™ - Toronto Ultra Pack 2023,381.0
2022-12-04,Destroy All Humans!,382.0
2022-12-04,Call of Duty League™ - OpTic Texas Pack 2023,383.0
2022-12-04,Fishing Planet,384.0
2022-12-04,PlanetSide 2,385.0
2022-12-04,Pathfinder: Wrath of the Righteous - Enhanced Edition,386.0
2022-12-04,Resident Evil Village - Winters’ Expansion,387.0
2022-12-04,Unpacking,388.0
2022-12-04,Total War™: ROME II - Emperor Edition,389.0
2022-12-04,Dome Keeper,390.0
2022-12-04,Outer Wilds,391.0
2022-12-04,Stranded Deep,392.0
2022-12-04,MechWarrior 5: Mercenaries,393.0
2022-12-04,The Binding of Isaac: Repentance,394.0
2022-12-07,Apex Legends™,1.0
2022-12-07,Dwarf Fortress,2.0
2022-12-07,PUBG: BATTLEGROUNDS,3.0
2022-12-07,Counter-Strike: Global Offensive,4.0
2022-12-07,Assassin's Creed Valhalla,5.0
2022-12-07,Destiny 2,6.0
2022-12-07,Call of Duty®: Modern Warfare® II,7.0
2022-12-07,Red Dead Redemption 2,8.0
2022-12-07,Dota 2,9.0
2022-12-07,Knights of Honor II: Sovereign,10.0
2022-12-07,Tom Clancy's Rainbow Six® Siege,11.0
2022-12-07,"Warhammer 40,000: Darktide",12.0
2022-12-07,Horizon Zero Dawn™ Complete Edition,13.0
2022-12-07,It Takes Two,14.0
2022-12-07,Lost Ark,15.0
2022-12-07,Grand Theft Auto V,16.0
2022-12-07,Need for Speed™ Unbound,17.0
2022-12-07,Forza Horizon 5,18.0
2022-12-07,Team Fortress 2,19.0
2022-12-07,The Witcher® 3: Wild Hunt,20.0
2022-12-07,Destiny 2: Season of the Seraph Silver Bundle,21.0
2022-12-07,"Warhammer 40,000: Chaos Gate - Daemonhunters",22.0
2022-12-07,Marvel's Midnight Suns,23.0
2022-12-07,EA SPORTS™ FIFA 23,24.0
2022-12-07,theHunter: Call of the Wild™,25.0
2022-12-07,Valheim,26.0
2022-12-07,Warframe,27.0
2022-12-07,NARAKA: BLADEPOINT,28.0
2022-12-07,The Long Dark,29.0
2022-12-07,Forza Horizon 4,30.0
2022-12-07,War Thunder,31.0
2022-12-07,Farming Simulator 22,32.0
2022-12-07,NBA 2K23,33.0
2022-12-07,The Long Dark: Tales from the Far Territory,34.0
2022-12-07,ELDEN RING,35.0
2022-12-07,Battlefield™ 2042,36.0
2022-12-07,Hades,37.0
2022-12-07,"Warhammer 40,000: Chaos Gate – Daemonhunters - Duty Eternal",38.0
2022-12-07,theHunter: Call of the Wild™ - New England Mountains,39.0
2022-12-07,The Callisto Protocol™,40.0
2022-12-07,Conan Exiles,41.0
2022-12-07,Stray,42.0
2022-12-07,Dead by Daylight,43.0
2022-12-07,STAR WARS Jedi: Fallen Order™,44.0
2022-12-07,Yu-Gi-Oh! Master Duel,45.0
2022-12-07,Fallout 76,46.0
2022-12-07,New World,47.0
2022-12-07,Wallpaper Engine,48.0
2022-12-07,MARVEL SNAP,49.0
2022-12-07,Satisfactory,50.0
2022-12-07,Total War: WARHAMMER III,51.0
2022-12-07,Kena: Bridge of Spirits,52.0
2022-12-07,World of Warships,53.0
2022-12-07,Football Manager 2023,54.0
2022-12-07,Kynseed,55.0
2022-12-07,Sniper Elite 4,56.0
2022-12-07,Project Zomboid,57.0
2022-12-07,Battlefield™ 1,58.0
2022-12-07,Divine Knockout (DKO),59.0
2022-12-07,SAMURAI MAIDEN,60.0
2022-12-07,Black Desert,61.0
2022-12-07,RimWorld,62.0
2022-12-07,CRISIS CORE –FINAL FANTASY VII– REUNION,63.0
2022-12-07,LEGO® Star Wars™: The Skywalker Saga,64.0
2022-12-07,Rust,65.0
2022-12-07,FINAL FANTASY XIV Online,66.0
2022-12-07,UNDECEMBER,67.0
2022-12-07,Hell Let Loose,68.0
2022-12-07,Disco Elysium - The Final Cut,69.0
2022-12-07,Train Sim World® 3,70.0
2022-12-07,Yi Xian: The Cultivation Card Game,71.0
2022-12-07,TUNIC,72.0
2022-12-07,The Elder Scrolls® Online,73.0
2022-12-07,Goose Goose Duck,74.0
2022-12-07,S.T.A.L.K.E.R.: Shadow of Chernobyl,75.0
2022-12-07,Train Sim World® 3: Bahnstrecke Bremen - Oldenburg Route Add-On,76.0
2022-12-07,Cult of the Lamb,77.0
2022-12-07,Call of Duty®: Modern Warfare® II - Desert Rogue: Pro Pack,78.0
2022-12-07,Titanfall® 2,79.0
2022-12-07,Pathfinder: Wrath of the Righteous - Enhanced Edition,80.0
2022-12-07,Teardown,81.0
2022-12-07,No Man's Sky,82.0
2022-12-07,Raft,83.0
2022-12-07,Cities: Skylines,84.0
2022-12-07,Overcooked! 2,85.0
2022-12-07,Action Taimanin,86.0
2022-12-07,Ready or Not,87.0
2022-12-07,Predecessor,88.0
2022-12-07,GUILTY GEAR -STRIVE-,89.0
2022-12-07,Mortal Kombat 11,90.0
2022-12-07,Marvel’s Spider-Man: Miles Morales,91.0
2022-12-07,Assassin's Creed® Origins,92.0
2022-12-07,Call of Duty League™ - Los Angeles Thieves Pack 2023,93.0
2022-12-07,Hogwarts Legacy,94.0
2022-12-07,GigaBash,95.0
2022-12-07,The Sims™ 4,96.0
2022-12-08,Apex Legends™,1.0
2022-12-08,Counter-Strike: Global Offensive,2.0
2022-12-08,IXION,3.0
2022-12-08,Dwarf Fortress,4.0
2022-12-08,PUBG: BATTLEGROUNDS,5.0
2022-12-08,Assassin's Creed Valhalla,6.0
2022-12-08,Call of Duty®: Modern Warfare® II,7.0
2022-12-08,Yu-Gi-Oh! Master Duel,8.0
2022-12-08,Dota 2,9.0
2022-12-08,Destiny 2,10.0
2022-12-08,Red Dead Redemption 2,11.0
2022-12-08,"Warhammer 40,000: Darktide",12.0
2022-12-08,Tom Clancy's Rainbow Six® Siege,13.0
2022-12-08,Horizon Zero Dawn™ Complete Edition,14.0
2022-12-08,It Takes Two,15.0
2022-12-08,Grand Theft Auto V,16.0
2022-12-08,World of Warships,17.0
2022-12-08,Knights of Honor II: Sovereign,18.0
2022-12-08,Need for Speed™ Unbound,19.0
2022-12-08,Forza Horizon 5,20.0
2022-12-08,EA SPORTS™ FIFA 23,21.0
2022-12-08,The Witcher® 3: Wild Hunt,22.0
2022-12-08,NARAKA: BLADEPOINT,23.0
2022-12-08,Valheim,24.0
2022-12-08,Marvel's Midnight Suns,25.0
2022-12-08,Team Fortress 2,26.0
2022-12-08,Warframe,27.0
2022-12-08,SAMURAI MAIDEN,28.0
2022-12-08,War Thunder,29.0
2022-12-08,ELDEN RING,30.0
2022-12-08,NBA 2K23,31.0
2022-12-08,STAR WARS Jedi: Fallen Order™,32.0
2022-12-08,Squad,33.0
2022-12-08,Forza Horizon 4,34.0
2022-12-08,Black Desert,35.0
2022-12-08,Football Manager 2023,36.0
2022-12-08,Battlefield™ 1,37.0
2022-12-08,Dead by Daylight,38.0
2022-12-08,Farming Simulator 22,39.0
2022-12-08,The Callisto Protocol™,40.0
2022-12-08,"Warhammer 40,000: Chaos Gate - Daemonhunters",41.0
2022-12-08,Wallpaper Engine,42.0
2022-12-08,Phantasy Star Online 2 New Genesis,43.0
2022-12-08,Hades,44.0
2022-12-08,Project Zomboid,45.0
2022-12-08,CRISIS CORE –FINAL FANTASY VII– REUNION,46.0
2022-12-08,Satisfactory,47.0
2022-12-08,The Elder Scrolls® Online,48.0
2022-12-08,Stray,49.0
2022-12-08,RimWorld,50.0
2022-12-08,Disco Elysium - The Final Cut,51.0
2022-12-08,Total War: WARHAMMER III,52.0
2022-12-08,UNDECEMBER,53.0
2022-12-08,theHunter: Call of the Wild™,54.0
2022-12-08,Fallout 76,55.0
2022-12-08,Rust,56.0
2022-12-08,Titanfall® 2,57.0
2022-12-08,Destiny 2: Season of the Seraph Silver Bundle,58.0
2022-12-08,Goose Goose Duck,59.0
2022-12-08,The Long Dark,60.0
2022-12-08,Sniper Elite 4,61.0
2022-12-08,Kena: Bridge of Spirits,62.0
2022-12-08,Conan Exiles,63.0
2022-12-08,Yi Xian: The Cultivation Card Game,64.0
2022-12-08,New World,65.0
2022-12-08,Kynseed,66.0
2022-12-08,The Long Dark: Tales from the Far Territory,67.0
2022-12-08,LEGO® Star Wars™: The Skywalker Saga,68.0
2022-12-08,Cities: Skylines,69.0
2022-12-08,Call of Duty®: Modern Warfare® II - Desert Rogue: Pro Pack,70.0
2022-12-08,MARVEL SNAP,71.0
2022-12-08,God of War,72.0
2022-12-08,Hogwarts Legacy,73.0
2022-12-08,The Sims™ 4,74.0
2022-12-08,Paragon: The Overprime,75.0
2022-12-08,No Man's Sky,76.0
2022-12-08,Divine Knockout (DKO),77.0
2022-12-08,Raft,78.0
2022-12-08,Hell Let Loose,79.0
2022-12-08,Ready or Not,80.0
2022-12-08,Call of Duty League™ - Los Angeles Thieves Pack 2023,81.0
2022-12-08,Teardown,82.0
2022-12-08,Microsoft Flight Simulator 40th Anniversary Edition,83.0
2022-12-08,S.T.A.L.K.E.R.: Shadow of Chernobyl,84.0
2022-12-08,Hubris,85.0
2022-12-08,Marvel’s Spider-Man: Miles Morales,86.0
2022-12-08,Cult of the Lamb,87.0
2022-12-08,Zombie Cure Lab,88.0
2022-12-08,Phasmophobia,89.0
2022-12-08,Mortal Kombat 11,90.0
2022-12-08,Sea of Thieves,91.0
2022-12-08,Pathfinder: Wrath of the Righteous - Enhanced Edition,92.0
2022-12-08,Predecessor,93.0
2022-12-08,GUILTY GEAR -STRIVE-,94.0
2022-12-08,TUNIC,95.0
2022-12-08,Grounded,96.0
2022-12-08,"Warhammer 40,000: Chaos Gate – Daemonhunters - Duty Eternal",97.0
2022-12-08,Overcooked! 2,98.0
2022-12-08,RimWorld - Biotech,99.0
2022-12-08,Sniper Elite 5,100.0
2022-12-08,MONSTER HUNTER RISE,101.0
2022-12-08,ARK: Survival Evolved,102.0
2022-12-08,Victoria 3,103.0
2022-12-08,Stardew Valley,104.0
2022-12-08,Tom Clancy's Ghost Recon® Wildlands,105.0
2022-12-08,Cyberpunk 2077,106.0
2022-12-08,Stellaris,107.0
2022-12-08,GTFO,108.0
2022-12-08,A Plague Tale: Requiem,109.0
2022-12-08,Cuphead,110.0
2022-12-08,World War Z: Aftermath,111.0
2022-12-08,F1® 22,112.0
2022-12-08,theHunter: Call of the Wild™ - New England Mountains,113.0
2022-12-08,STAR WARS™: The Old Republic™,114.0
2022-12-08,The Elder Scrolls V: Skyrim Special Edition,115.0
2022-12-08,Euro Truck Simulator 2,116.0
2022-12-08,Shadows Over Loathing,117.0
2022-12-08,American Truck Simulator,118.0
2022-12-08,"Warhammer 40,000: Darktide - Imperial Edition",119.0
2022-12-08,eFootball™ 2023,120.0
2022-12-08,Sonic Frontiers,121.0
2022-12-08,Sid Meier’s Civilization® VI,122.0
2022-12-08,DEATH STRANDING DIRECTOR'S CUT,123.0
2022-12-08,Frostpunk,124.0
2022-12-08,Hunt: Showdown,125.0
2022-12-08,The Forest,126.0
2022-12-08,We Who Are About To Die,127.0
2022-12-08,World of Tanks,128.0
2022-12-08,GrandChase,129.0
2022-12-08,Back 4 Blood,130.0
2022-12-08,iRacing,131.0
2022-12-08,Bloons TD 6,132.0
2022-12-08,Killing Floor 2,133.0
2022-12-08,World of Tanks Blitz,134.0
2022-12-08,雀魂麻將(MahjongSoul),135.0
2022-12-08,Terraria,136.0
2022-12-08,Thymesia,137.0
2022-12-08,Don't Starve Together,138.0
2022-12-08,Othercide,139.0
2022-12-08,Persona 5 Royal,140.0
2022-12-08,BeamNG.drive,141.0
2022-12-08,Control Ultimate Edition,142.0
2022-12-08,Disney Dreamlight Valley,143.0
2022-12-08,War Robots,144.0
2022-12-08,Hearts of Iron IV,145.0
2022-12-08,GigaBash,146.0
2022-12-08,Ori and the Will of the Wisps,147.0
2022-12-08,Battlefield 4™,148.0
2022-12-08,Middle-earth™: Shadow of War™,149.0
2022-12-08,Mount & Blade II: Bannerlord,150.0
2022-12-08,JoJo's Bizarre Adventure: All-Star Battle R,151.0
2022-12-08,Baldur's Gate 3,152.0
2022-12-08,Marvel’s Spider-Man Remastered,153.0
2022-12-08,Vampire Survivors,154.0
2022-12-08,Isonzo,155.0
2022-12-08,RuneScape ®,156.0
2022-12-08,DayZ,157.0
2022-12-08,Predecessor: Rare DLC,158.0
2022-12-08,Soulstone Survivors,159.0
2022-12-08,Mafia: Definitive Edition,160.0
2022-12-08,SMITE®,161.0
2022-12-08,Call of Duty®: Black Ops III,162.0
2022-12-08,Summoners War: Chronicles,163.0
2022-12-08,Action Taimanin,164.0
2022-12-08,Crusader Kings III,165.0
2022-12-08,Green Hell,166.0
2022-12-08,Hellish Quart,167.0
2022-12-08,VRChat,168.0
2022-12-08,Grand Theft Auto IV: The Complete Edition,169.0
2022-12-08,Deep Rock Galactic,170.0
2022-12-08,Assetto Corsa,171.0
2022-12-08,Age of Empires IV: Anniversary Edition,172.0
2022-12-08,DEAD OR ALIVE Xtreme Venus Vacation,173.0
2022-12-08,Wasteland 3,174.0
2022-12-08,BONELAB,175.0
2022-12-08,Borderlands 3,176.0
2022-12-08,Factorio,177.0
2022-12-08,Clone Drone in the Danger Zone,178.0
2022-12-08,Garry's Mod,179.0
2022-12-08,Train Sim World® 3,180.0
2022-12-08,ZERO Sievert,181.0
2022-12-08,The Outer Worlds,182.0
2022-12-08,嗜血印 Bloody Spell,183.0
2022-12-08,Stumble Guys,184.0
2022-12-08,Battlefield™ 2042,185.0
2022-12-08,Warhammer: Vermintide 2,186.0
2022-12-08,STAR WARS™: Squadrons,187.0
2022-12-08,ASTLIBRA Revision,188.0
2022-12-08,XCOM® 2,189.0
2022-12-08,PlanetSide 2,190.0
2022-12-08,Risk of Rain 2,191.0
2022-12-08,Back 4 Blood - Expansion 3: River of Blood,192.0
2022-12-08,Madden NFL 23,193.0
2022-12-08,The Binding of Isaac: Rebirth,194.0
2022-12-08,Witch It,195.0
2022-12-08,Among Us,196.0
2022-12-08,Fallout 4,197.0
2022-12-08,Assassin's Creed® Origins,198.0
2022-12-08,UNCHARTED™: Legacy of Thieves Collection,199.0
2022-12-08,WWE 2K22,200.0
2022-12-08,Beat Saber,201.0
2022-12-08,Against the Storm,202.0
2022-12-08,FINAL FANTASY VII REMAKE INTERGRADE,203.0
2022-12-08,Left 4 Dead 2,204.0
2022-12-08,Halo Infinite,205.0
2022-12-08,ONE PIECE: PIRATE WARRIORS 4,206.0
2022-12-08,Destiny 2: The Witch Queen,207.0
2022-12-08,SnowRunner,208.0
2022-12-08,THE KING OF FIGHTERS XV,209.0
2022-12-08,PAYDAY 2,210.0
2022-12-08,Albion Online,211.0
2022-12-08,Brawlhalla,212.0
2022-12-08,Zombie Army 4: Dead War,213.0
2022-12-08,Totally Accurate Battle Simulator,214.0
2022-12-08,DAVE THE DIVER,215.0
2022-12-08,Resident Evil Village,216.0
2022-12-08,Rubber Bandits,217.0
2022-12-08,Inside the Backrooms,218.0
2022-12-08,Evil West,219.0
2022-12-08,DOOM,220.0
2022-12-08,Cosmoteer: Starship Architect & Commander,221.0
2022-12-08,Pummel Party,222.0
2022-12-08,Celeste,223.0
2022-12-08,Two Point Campus,224.0
2022-12-08,Brotato,225.0
2022-12-08,Dead Space,226.0
2022-12-08,American Truck Simulator - Texas,227.0
2022-12-08,Grand Theft Auto IV: The Complete Edition,228.0
2022-12-08,Age of Empires II: Definitive Edition,229.0
2022-12-08,Planet Zoo,230.0
2022-12-08,Train Sim World® 3: Bahnstrecke Bremen - Oldenburg Route Add-On,231.0
2022-12-08,Tactics Ogre: Reborn,232.0
2022-12-08,Gunfire Reborn,233.0
2022-12-08,Hello Neighbor 2,234.0
2022-12-08,Neon Abyss,235.0
2022-12-08,Tom Clancy’s The Division™,236.0
2022-12-08,Resident Evil 4,237.0
2022-12-08,Bendy and the Dark Revival,238.0
2022-12-08,Children of Morta,239.0
2022-12-08,Monster Hunter: World,240.0
2022-12-08,FOR HONOR™,241.0
2022-12-08,Star Trek Online,242.0
2022-12-08,Golf With Your Friends,243.0
2022-12-08,Return to Monkey Island,244.0
2022-12-08,Ship of Fools,245.0
2022-12-08,DARK SOULS™ III,246.0
2022-12-08,EVE Online,247.0
2022-12-08,The Quarry,248.0
2022-12-08,Scorn,249.0
2022-12-08,Total War: WARHAMMER II,250.0
2022-12-08,Kerbal Space Program,251.0
2022-12-08,7 Days to Die,252.0
2022-12-08,Destiny 2: Bungie 30th Anniversary Pack,253.0
2022-12-08,Conqueror's Blade,254.0
2022-12-08,Europa Universalis IV,255.0
2022-12-08,"Ranch Simulator - Build, Farm, Hunt",256.0
2022-12-08,V Rising,257.0
2022-12-08,Farthest Frontier,258.0
2022-12-08,Barotrauma,259.0
2022-12-08,The Rumble Fish 2,260.0
2022-12-08,March of Empires,261.0
2022-12-08,Dishonored 2,262.0
2022-12-08,Police Simulator: Patrol Officers,263.0
2022-12-08,Shop Titans,264.0
2022-12-08,PlateUp!,265.0
2022-12-08,DEATHLOOP,266.0
2022-12-08,Car Mechanic Simulator 2021,267.0
2022-12-08,CosmicBreak Universal,268.0
2022-12-08,RimWorld - Ideology,269.0
2022-12-08,Total War: WARHAMMER III - Champions of Chaos,270.0
2022-12-08,SCUM,271.0
2022-12-08,Book of Yog Idle RPG,272.0
2022-12-08,Cafe Owner Simulator,273.0
2022-12-08,Arma 3,274.0
2022-12-08,The Dark Pictures Anthology: The Devil in Me,275.0
2022-12-08,Slime Rancher 2,276.0
2022-12-08,DCS World Steam Edition,277.0
2022-12-08,The Elder Scrolls V: Skyrim Anniversary Upgrade,278.0
2022-12-08,Construction Simulator,279.0
2022-12-08,FreestyleFootball R,280.0
2022-12-08,Sekiro™: Shadows Die Twice - GOTY Edition,281.0
2022-12-08,House Flipper,282.0
2022-12-08,Ancestors: The Humankind Odyssey,283.0
2022-12-08,Dragon Age™ Inquisition,284.0
2022-12-08,SIGNALIS,285.0
2022-12-08,Marvel's Midnight Suns Season Pass,286.0
2022-12-08,WorldBox - God Simulator,287.0
2022-12-08,Tabletop Simulator,288.0
2022-12-08,Dinkum,289.0
2022-12-08,Halo: The Master Chief Collection,290.0
2022-12-08,Elite Dangerous,291.0
2022-12-08,Dying Light 2 Stay Human,292.0
2022-12-08,METAL GEAR SOLID V: THE PHANTOM PAIN,293.0
2022-12-08,Neon White,294.0
2022-12-08,ULTRAKILL,295.0
2022-12-08,ARK: Genesis Season Pass,296.0
2022-12-08,Dread Hunger,297.0
2022-12-08,ROMANCE OF THE THREE KINGDOMS XIV,298.0
2022-12-08,GWENT: The Witcher Card Game,299.0
2022-12-08,Governor of Poker 3,300.0
2022-12-08,GigaBash - Godzilla 4 Kaiju Pack,301.0
2022-12-08,Wolfenstein II: The New Colossus,302.0
2022-12-08,Songs of Conquest,303.0
2022-12-08,Injustice™ 2,304.0
2022-12-08,Romancing SaGa -Minstrel Song- Remastered,305.0
2022-12-08,Half-Life: Alyx,306.0
2022-12-08,VillageRhapsody,307.0
2022-12-08,Space Engineers,308.0
2022-12-08,A Plague Tale: Innocence,309.0
2022-12-08,What Remains of Edith Finch,310.0
2022-12-08,PGA TOUR 2K23,311.0
2022-12-08,Divinity: Original Sin 2 - Definitive Edition,312.0
2022-12-08,Pentiment,313.0
2022-12-08,Plague Inc: Evolved,314.0
2022-12-08,Necromunda: Hired Gun,315.0
2022-12-08,Lords Mobile,316.0
2022-12-08,CarX Drift Racing Online,317.0
2022-12-08,PowerWash Simulator,318.0
2022-12-08,GUNDAM EVOLUTION,319.0
2022-12-08,Hollow Knight,320.0
2022-12-08,Football Manager 2023 In-game Editor,321.0
2022-12-08,Wizard101,322.0
2022-12-08,My Singing Monsters,323.0
2022-12-08,The Past Within,324.0
2022-12-08,DARK SOULS™: REMASTERED,325.0
2022-12-08,Teenage Mutant Ninja Turtles: Shredder's Revenge,326.0
2022-12-08,Predecessor: Epic DLC,327.0
2022-12-08,Crush Crush,328.0
2022-12-08,RimWorld - Royalty,329.0
2022-12-08,Wartales,330.0
2022-12-08,Tetris® Effect: Connected,331.0
2022-12-08,Gotham Knights,332.0
2022-12-08,Substance 3D Painter 2022,333.0
2022-12-08,Stranded: Alien Dawn,334.0
2022-12-08,Farming Simulator 22 - Platinum Expansion,335.0
2022-12-08,Sniper Elite 3,336.0
2022-12-08,Session: Skate Sim,337.0
2022-12-08,Potionomics,338.0
2022-12-08,Portal 2,339.0
2022-12-08,Total War: WARHAMMER,340.0
2022-12-08,Summer Memories,341.0
2022-12-08,Return of the Obra Dinn,342.0
2022-12-08,Subnautica,343.0
2022-12-08,Blasphemous,344.0
2022-12-08,Slay the Spire,345.0
2022-12-08,Monster Hunter Rise: Sunbreak,346.0
2022-12-08,Game of Thrones Winter is Coming,347.0
2022-12-08,DEVOUR,348.0
2022-12-08,Marauders,349.0
2022-12-08,HITMAN 3,350.0
2022-12-08,Wizard of Legend,351.0
2022-12-08,This War of Mine,352.0
2022-12-08,Strange Horticulture,353.0
2022-12-08,Card Survival: Tropical Island,354.0
2022-12-08,Coral Island,355.0
2022-12-08,Mass Effect™: Andromeda Deluxe Edition,356.0
2022-12-08,Tiny Tina's Wonderlands,357.0
2022-12-08,Rain World,358.0
2022-12-08,Stellaris: Overlord,359.0
2022-12-08,The Escapists 2,360.0
2022-12-08,Dead Cells,361.0
2022-12-08,Core Keeper,362.0
2022-12-08,Blade and Sorcery,363.0
2022-12-08,Strange Brigade,364.0
2022-12-08,Assassin's Creed® Odyssey,365.0
2022-12-08,Final Upgrade,366.0
2022-12-08,Yu-Gi-Oh! Duel Links,367.0
2022-12-08,"Papers, Please",368.0
2022-12-08,暖雪 Warm Snow,369.0
2022-12-08,ヘブンバーンズレッド,370.0
2022-12-08,Risk of Rain 2: Survivors of the Void,371.0
2022-12-08,Torchlight: Infinite,372.0
2022-12-08,I Was a Teenage Exocolonist,373.0
2022-12-08,Bright Memory: Infinite,374.0
2022-12-08,Pathfinder: Kingmaker - Enhanced Plus Edition,375.0
2022-12-08,Secret Neighbor: Hello Neighbor Multiplayer,376.0
2022-12-08,Live2DViewerEX,377.0
2022-12-08,FIFA 22,378.0
2022-12-08,Foxhole,379.0
2022-12-08,Assetto Corsa Competizione,380.0
2022-12-08,West of Loathing,381.0
2022-12-08,"Warhammer 40,000: Inquisitor - Martyr",382.0
2022-12-08,Peglin,383.0
2022-12-08,Escape Simulator,384.0
2022-12-08,Inscryption,385.0
2022-12-08,Russian Fishing 4,386.0
2022-12-08,Frostpunk: The Last Autumn,387.0
2022-12-08,Crossout,388.0
2022-12-08,Age of Empires III: Definitive Edition,389.0
2022-12-08,R2Beat: 音速觉醒,390.0
2022-12-08,Assassin's Creed® Unity,391.0
2022-12-08,DRAGON BALL XENOVERSE 2,392.0
2022-12-08,SCP: Pandemic,393.0
2022-12-08,Portal,394.0
2022-12-08,Trombone Champ,395.0
